2021-08-03 08:21, succeeded
2021-08-04 08:21, succeeded
2021-08-05 08:21, succeeded
2021-08-09 08:08, succeeded
2021-08-09 20:12, succeeded
2021-08-10 07:20, succeeded
2021-08-10 19:17, succeeded
2021-08-11 07:20, succeeded
2021-08-11 19:17, succeeded
2021-08-12 07:20, succeeded
2021-08-12 19:17, succeeded
2021-08-13 07:20, succeeded
2021-08-13 19:16, succeeded
2021-08-14 07:19, succeeded
2021-08-14 19:20, succeeded
2021-08-15 07:20, succeeded
2021-08-15 19:16, succeeded
2021-08-16 07:20, succeeded
2021-08-16 19:17, succeeded
2021-08-17 07:20, succeeded
2021-08-17 19:17, succeeded
2021-08-18 07:20, succeeded
2021-08-18 19:17, succeeded
2021-08-19 07:20, succeeded
2021-08-19 19:16, succeeded
2021-08-20 07:20, succeeded
2021-08-20 19:17, succeeded
2021-08-21 07:20, succeeded
2021-08-21 19:16, succeeded
2021-08-22 07:20, succeeded
2021-08-22 19:16, succeeded
2021-08-23 07:20, succeeded
2021-08-23 19:15, succeeded
2021-08-24 07:20, succeeded
2021-08-24 19:17, succeeded
2021-08-25 07:20, succeeded
2021-08-25 19:16, succeeded
2021-08-26 07:20, succeeded
2021-08-26 19:17, succeeded
2021-08-27 07:20, succeeded
2021-08-27 19:16, succeeded
2021-08-28 07:19, succeeded
2021-08-28 19:16, succeeded
2021-08-29 07:20, succeeded
2021-08-29 19:16, succeeded
2021-08-30 07:20, succeeded
2021-08-30 19:17, succeeded
2021-08-31 07:20, succeeded
2021-08-31 19:16, succeeded
2021-09-01 07:21, succeeded
2021-09-01 19:15, succeeded
2021-09-02 07:21, succeeded
2021-09-02 19:16, succeeded
2021-09-03 07:20, succeeded
2021-09-03 19:17, succeeded
2021-09-04 07:20, succeeded
2021-09-04 19:18, succeeded
2021-09-05 07:20, succeeded
2021-09-05 19:16, succeeded
2021-09-06 07:21, succeeded
2021-09-06 19:16, succeeded
2021-09-07 07:21, succeeded
2021-09-07 19:16, succeeded
2021-09-08 07:20, succeeded
2021-09-08 19:17, succeeded
2021-09-09 07:21, succeeded
2021-09-09 19:16, succeeded
2021-09-10 07:20, succeeded
2021-09-10 19:16, succeeded
2021-09-11 07:20, succeeded
2021-09-11 19:16, succeeded
2021-09-12 07:20, succeeded
2021-09-12 19:16, succeeded
2021-09-13 07:21, succeeded
2021-09-13 19:17, succeeded
2021-09-14 07:20, succeeded
2021-09-14 19:16, succeeded
2021-09-15 07:20, succeeded
2021-09-15 19:17, succeeded
2021-09-16 07:21, succeeded
2021-09-16 19:16, succeeded
2021-09-17 07:20, succeeded
2021-09-17 19:17, succeeded
2021-09-18 07:20, succeeded
2021-09-18 19:16, succeeded
2021-09-19 07:20, succeeded
2021-09-19 19:16, succeeded
2021-09-20 07:21, succeeded
2021-09-20 19:17, succeeded
2021-09-21 07:20, succeeded
2021-09-21 19:17, succeeded
2021-09-22 07:20, succeeded
2021-09-22 19:17, succeeded
2021-09-23 07:21, succeeded
2021-09-23 19:17, succeeded
2021-09-24 07:20, succeeded
2021-09-24 19:17, succeeded
2021-09-25 07:20, succeeded
2021-09-25 19:16, succeeded
2021-09-26 07:20, succeeded
2021-09-26 19:17, succeeded
2021-09-27 07:21, succeeded
2021-09-27 19:16, succeeded
2021-09-28 07:21, succeeded
2021-09-28 19:17, succeeded
2021-09-29 07:20, succeeded
2021-09-29 19:17, succeeded
2021-09-30 07:20, succeeded
2021-09-30 19:17, succeeded
2021-10-01 07:20, succeeded
2021-10-01 19:17, succeeded
2021-10-02 07:20, succeeded
2021-10-02 19:16, succeeded
2021-10-03 07:20, succeeded
2021-10-03 19:18, succeeded
2021-10-04 07:21, succeeded
2021-10-04 19:17, succeeded
2021-10-05 07:21, succeeded
2021-10-05 19:17, succeeded
2021-10-06 07:21, succeeded
2021-10-06 19:17, succeeded
2021-10-07 07:21, succeeded
2021-10-07 19:16, succeeded
2021-10-08 07:20, succeeded
2021-10-08 19:17, succeeded
2021-10-09 07:20, succeeded
2021-10-09 19:16, succeeded
2021-10-10 07:20, succeeded
2021-10-10 19:16, succeeded
2021-10-11 07:21, succeeded
2021-10-11 19:17, succeeded
2021-10-12 07:20, succeeded
2021-10-12 19:17, succeeded
2021-10-13 07:21, succeeded
2021-10-13 19:17, succeeded
2021-10-14 07:21, succeeded
2021-10-14 19:17, succeeded
2021-10-15 07:20, succeeded
2021-10-15 19:17, succeeded
2021-10-16 07:20, succeeded
2021-10-16 19:16, succeeded
2021-10-17 07:20, succeeded
2021-10-17 19:17, succeeded
2021-10-18 07:21, succeeded
2021-10-18 19:17, succeeded
2021-10-19 07:21, succeeded
2021-10-19 19:17, succeeded
2021-10-20 07:21, succeeded
2021-10-20 19:17, succeeded
2021-10-21 07:21, succeeded
2021-10-21 19:17, succeeded
2021-10-22 07:21, succeeded
2021-10-22 19:17, succeeded
2021-10-23 07:20, succeeded
2021-10-23 19:16, failed
2021-10-24 07:20, failed
2021-10-24 19:17, failed
2021-10-25 07:21, succeeded
2021-10-25 19:17, succeeded
2021-10-26 07:21, succeeded
2021-10-26 19:16, succeeded
2021-10-27 07:21, succeeded
2021-10-27 19:17, succeeded
2021-10-28 07:21, succeeded
2021-10-28 19:17, succeeded
2021-10-29 07:21, succeeded
2021-10-29 19:16, succeeded
2021-10-30 07:20, succeeded
2021-10-30 19:17, succeeded
2021-10-31 07:21, succeeded
2021-10-31 19:17, succeeded
2021-11-01 07:22, succeeded
2021-11-01 19:18, succeeded
2021-11-02 07:21, succeeded
2021-11-02 19:17, succeeded
2021-11-03 07:21, succeeded
2021-11-03 19:18, succeeded
2021-11-04 07:21, succeeded
2021-11-04 19:17, succeeded
2021-11-05 07:21, succeeded
2021-11-05 19:18, succeeded
2021-11-06 07:20, succeeded
2021-11-06 19:17, succeeded
2021-11-07 07:21, succeeded
2021-11-07 19:17, succeeded
2021-11-08 07:22, succeeded
2021-11-08 19:18, succeeded
2021-11-09 07:21, succeeded
2021-11-09 19:18, succeeded
2021-11-10 07:21, succeeded
2021-11-10 19:18, succeeded
2021-11-11 07:21, succeeded
2021-11-11 19:18, succeeded
2021-11-12 07:21, succeeded
2021-11-12 19:18, succeeded
2021-11-13 07:21, succeeded
2021-11-13 19:17, succeeded
2021-11-14 07:25, succeeded
2021-11-14 19:17, succeeded
2021-11-15 07:22, succeeded
2021-11-15 19:18, succeeded
2021-11-16 07:21, succeeded
2021-11-16 19:18, succeeded
2021-11-17 07:21, succeeded
2021-11-17 19:18, succeeded
2021-11-18 07:19, succeeded
2021-11-18 19:18, succeeded
2021-11-19 07:21, succeeded
2021-11-19 19:18, succeeded
2021-11-20 07:21, succeeded
2021-11-20 19:17, succeeded
2021-11-21 07:21, succeeded
2021-11-21 19:17, succeeded
2021-11-22 07:21, succeeded
2021-11-22 19:18, succeeded
2021-11-23 07:21, succeeded
2021-11-23 19:16, succeeded
2021-11-24 07:21, succeeded
2021-11-24 19:18, succeeded
2021-11-25 07:21, succeeded
2021-11-25 19:18, succeeded
2021-11-26 07:21, succeeded
2021-11-26 19:17, succeeded
2021-11-27 07:21, succeeded
2021-11-27 19:17, succeeded
2021-11-28 07:21, succeeded
2021-11-28 19:17, succeeded
2021-11-29 07:22, succeeded
2021-11-29 19:18, succeeded
2021-11-30 07:18, succeeded
2021-11-30 19:16, succeeded
2021-12-01 07:21, succeeded
2021-12-01 19:18, succeeded
2021-12-02 07:21, succeeded
2021-12-02 19:18, succeeded
2021-12-03 07:22, succeeded
2021-12-03 19:18, succeeded
2021-12-04 07:21, succeeded
2021-12-04 19:18, succeeded
2021-12-05 07:21, succeeded
2021-12-05 19:18, succeeded
2021-12-06 07:22, succeeded
2021-12-06 19:18, succeeded
2021-12-07 07:22, succeeded
2021-12-07 19:19, succeeded
2021-12-08 07:22, succeeded
2021-12-08 19:19, succeeded
2021-12-09 07:22, succeeded
2021-12-09 19:18, succeeded
2021-12-10 07:22, succeeded
2021-12-10 19:18, succeeded
2021-12-11 07:21, succeeded
2021-12-11 19:17, succeeded
2021-12-12 07:21, succeeded
2021-12-12 19:18, succeeded
2021-12-13 07:22, succeeded
2021-12-13 19:18, succeeded
2021-12-14 07:22, succeeded
2021-12-14 19:18, succeeded
2021-12-15 07:22, succeeded
2021-12-15 19:18, succeeded
2021-12-16 07:22, succeeded
2021-12-16 19:18, succeeded
2021-12-17 07:22, succeeded
2021-12-17 19:19, succeeded
2021-12-18 07:21, succeeded
2021-12-18 19:17, succeeded
2021-12-19 07:22, succeeded
2021-12-19 19:18, succeeded
2021-12-20 07:23, succeeded
2021-12-20 19:18, succeeded
2021-12-21 07:22, succeeded
2021-12-21 19:18, succeeded
2021-12-22 07:22, succeeded
2021-12-22 19:19, succeeded
2021-12-23 07:22, succeeded
2021-12-23 19:18, succeeded
2021-12-24 07:22, succeeded
2021-12-24 19:18, succeeded
2021-12-25 07:22, succeeded
2021-12-25 19:18, succeeded
2021-12-26 07:21, succeeded
2021-12-26 19:18, succeeded
2021-12-27 07:27, succeeded
2021-12-27 19:18, succeeded
2021-12-28 07:22, succeeded
2021-12-28 19:18, succeeded
2021-12-29 07:22, succeeded
2021-12-29 19:18, succeeded
2021-12-30 07:22, succeeded
2021-12-30 19:18, succeeded
2021-12-31 07:22, succeeded
2021-12-31 19:18, succeeded
2022-01-01 07:22, succeeded
2022-01-01 19:18, succeeded
2022-01-02 07:22, succeeded
2022-01-02 19:18, succeeded
2022-01-03 07:23, succeeded
2022-01-03 19:18, succeeded
2022-01-04 07:22, succeeded
2022-01-04 19:18, succeeded
2022-01-05 07:22, succeeded
2022-01-05 19:19, succeeded
2022-01-06 07:23, succeeded
2022-01-06 19:19, succeeded
2022-01-07 07:22, succeeded
2022-01-07 19:16, succeeded
2022-01-08 07:22, succeeded
2022-01-08 19:18, succeeded
2022-01-09 07:22, succeeded
2022-01-09 19:20, succeeded
2022-01-10 07:26, failed
2022-01-10 19:17, failed
2022-01-11 07:23, failed
2022-01-11 19:19, failed
2022-01-12 07:22, failed
2022-01-12 19:19, failed
2022-01-13 07:22, failed
2022-01-13 19:18, failed
2022-01-14 07:22, failed
2022-01-14 19:17, failed
2022-01-15 07:22, failed
2022-01-15 19:18, failed
2022-01-16 07:22, failed
2022-01-16 19:18, succeeded
2022-01-17 07:23, succeeded
2022-01-17 19:19, succeeded
2022-01-18 07:23, succeeded
2022-01-18 19:19, succeeded
2022-01-19 07:16, succeeded
2022-01-19 19:17, succeeded
2022-01-20 07:20, succeeded
2022-01-20 19:16, succeeded
2022-01-21 07:20, succeeded
2022-01-21 19:17, succeeded
2022-01-22 07:20, succeeded
2022-01-22 19:16, succeeded
2022-01-23 07:20, succeeded
2022-01-23 19:16, succeeded
2022-01-24 07:21, succeeded
2022-01-24 19:17, succeeded
2022-01-25 07:20, succeeded
2022-01-25 19:21, succeeded
2022-01-26 07:20, succeeded
2022-01-26 19:17, succeeded
2022-01-27 07:21, succeeded
2022-01-27 19:17, succeeded
2022-01-28 07:20, succeeded
2022-01-28 19:16, succeeded
2022-01-29 07:20, succeeded
2022-01-29 19:18, succeeded
2022-01-30 07:19, succeeded
2022-01-30 19:16, succeeded
2022-01-31 07:22, succeeded
2022-01-31 19:16, succeeded
2022-02-01 07:20, succeeded
2022-02-01 19:17, succeeded
2022-02-02 07:19, succeeded
2022-02-02 19:17, succeeded
2022-02-03 07:20, succeeded
2022-02-03 19:18, succeeded
2022-02-04 07:17, succeeded
2022-02-04 19:15, succeeded
2022-02-05 07:17, succeeded
2022-02-05 19:17, succeeded
2022-02-06 07:20, succeeded
2022-02-06 19:16, succeeded
2022-02-07 07:20, succeeded
2022-02-07 19:20, succeeded
2022-02-08 07:20, succeeded
2022-02-08 19:22, succeeded
2022-02-09 07:20, succeeded
2022-02-09 19:16, succeeded
2022-02-10 07:19, succeeded
2022-02-10 19:15, succeeded
2022-02-11 07:19, succeeded
2022-02-11 19:16, succeeded
2022-02-12 07:19, succeeded
2022-02-12 19:17, succeeded
2022-02-13 07:19, succeeded
2022-02-13 19:16, succeeded
2022-02-14 07:20, succeeded
2022-02-14 19:18, succeeded
2022-02-15 07:20, succeeded
2022-02-15 19:17, succeeded
2022-02-16 07:20, succeeded
2022-02-16 19:18, succeeded
2022-02-17 07:20, succeeded
2022-02-17 19:17, succeeded
2022-02-18 07:20, succeeded
2022-02-18 19:17, succeeded
2022-02-19 07:19, succeeded
2022-02-19 19:16, succeeded
2022-02-20 07:19, succeeded
2022-02-20 19:18, succeeded
2022-02-21 07:20, succeeded
2022-02-21 19:17, succeeded
2022-02-22 07:21, succeeded
2022-02-22 19:17, succeeded
2022-02-23 07:20, succeeded
2022-02-24 07:20, succeeded
2022-02-24 19:17, succeeded
2022-02-25 07:20, succeeded
2022-02-25 19:18, succeeded
2022-02-26 07:19, succeeded
2022-02-26 19:17, succeeded
2022-02-27 07:20, succeeded
2022-02-27 19:17, succeeded
2022-02-28 07:21, succeeded
2022-02-28 19:18, succeeded
2022-03-01 07:21, succeeded
2022-03-01 19:18, succeeded
2022-03-02 07:21, succeeded
2022-03-02 19:18, succeeded
2022-03-03 07:21, succeeded
2022-03-03 19:18, succeeded
2022-03-04 07:21, succeeded
2022-03-04 19:17, succeeded
2022-03-05 07:21, succeeded
2022-03-05 19:17, succeeded
2022-03-06 07:20, succeeded
2022-03-06 19:17, succeeded
2022-03-07 07:22, succeeded
2022-03-07 19:18, succeeded
2022-03-08 07:21, succeeded
2022-03-08 19:18, succeeded
2022-03-09 07:21, succeeded
2022-03-09 19:19, succeeded
2022-03-10 07:21, succeeded
2022-03-10 19:17, succeeded
2022-03-11 07:21, succeeded
2022-03-11 19:17, succeeded
2022-03-12 07:20, succeeded
2022-03-12 19:18, succeeded
2022-03-13 07:20, succeeded
2022-03-13 19:17, succeeded
2022-03-14 07:21, succeeded
2022-03-14 19:19, succeeded
2022-03-15 07:22, succeeded
2022-03-15 19:19, succeeded
2022-03-16 07:22, succeeded
2022-03-16 19:22, succeeded
2022-03-17 07:21, succeeded
2022-03-17 19:19, succeeded
2022-03-18 07:21, succeeded
2022-03-18 19:18, succeeded
2022-03-19 07:20, succeeded
2022-03-19 19:17, succeeded
2022-03-20 07:20, succeeded
2022-03-20 19:17, succeeded
2022-03-21 07:21, succeeded
2022-03-21 19:23, succeeded
2022-03-22 07:21, succeeded
2022-03-22 19:18, succeeded
2022-03-23 07:21, succeeded
2022-03-23 19:20, succeeded
2022-03-24 07:21, succeeded
2022-03-24 19:18, succeeded
2022-03-25 07:21, succeeded
2022-03-25 19:18, succeeded
2022-03-26 07:21, succeeded
2022-03-26 19:17, succeeded
2022-03-27 07:21, succeeded
2022-03-27 19:17, succeeded
2022-03-28 07:23, succeeded
2022-03-28 19:22, succeeded
2022-03-29 07:23, succeeded
2022-03-29 19:18, succeeded
2022-03-30 07:23, succeeded
2022-03-30 19:19, succeeded
2022-03-31 07:27, succeeded
2022-03-31 19:18, succeeded
2022-04-01 07:22, succeeded
2022-04-01 19:18, succeeded
2022-04-02 07:22, succeeded
2022-04-02 19:18, succeeded
2022-04-03 07:21, succeeded
2022-04-03 19:18, succeeded
2022-04-04 07:23, succeeded
2022-04-04 19:19, succeeded
2022-04-05 07:22, succeeded
2022-04-05 19:19, succeeded
2022-04-06 07:22, succeeded
2022-04-06 19:15, succeeded
2022-04-07 07:22, succeeded
2022-04-07 19:19, succeeded
2022-04-08 07:23, succeeded
2022-04-08 19:19, succeeded
2022-04-09 07:22, succeeded
2022-04-09 19:18, succeeded
2022-04-10 07:22, succeeded
2022-04-10 19:18, succeeded
2022-04-11 07:24, succeeded
2022-04-11 19:19, succeeded
2022-04-12 07:23, succeeded
2022-04-12 19:19, succeeded
2022-04-13 07:23, succeeded
2022-04-13 19:19, succeeded
2022-04-14 07:23, succeeded
2022-04-14 19:20, succeeded
2022-04-15 07:23, succeeded
2022-04-15 19:20, succeeded
2022-04-16 07:22, succeeded
2022-04-16 19:18, succeeded
2022-04-17 07:22, succeeded
2022-04-17 19:19, succeeded
2022-04-18 07:23, succeeded
2022-04-18 19:19, succeeded
2022-04-19 07:23, succeeded
2022-04-19 19:24, succeeded
2022-04-20 07:23, succeeded
2022-04-20 19:19, succeeded
2022-04-21 07:23, succeeded
2022-04-21 19:18, succeeded
2022-04-22 07:23, succeeded
2022-04-22 19:19, succeeded
2022-04-23 07:22, succeeded
2022-04-23 19:19, succeeded
2022-04-24 07:22, succeeded
2022-04-24 19:19, succeeded
2022-04-25 07:25, succeeded
2022-04-25 19:24, succeeded
2022-04-26 07:24, succeeded
2022-04-26 19:24, succeeded
2022-04-27 07:29, succeeded
2022-04-27 19:18, succeeded
2022-04-28 07:27, succeeded
2022-04-28 19:20, succeeded
2022-04-29 07:24, succeeded
2022-04-29 19:20, succeeded
2022-04-30 07:23, succeeded
2022-04-30 19:19, succeeded
2022-05-01 07:23, succeeded
2022-05-01 19:19, succeeded
2022-05-02 07:24, succeeded
2022-05-02 19:24, succeeded
2022-05-03 07:24, succeeded
2022-05-03 19:23, succeeded
2022-05-04 07:24, succeeded
2022-05-04 19:20, succeeded
2022-05-05 07:24, succeeded
2022-05-05 19:20, succeeded
2022-05-06 07:23, succeeded
2022-05-06 19:20, succeeded
2022-05-07 07:23, succeeded
2022-05-07 19:21, succeeded
2022-05-08 07:23, succeeded
2022-05-08 19:19, succeeded
2022-05-09 07:24, succeeded
2022-05-09 19:23, succeeded
2022-05-10 07:28, succeeded
2022-05-10 19:25, succeeded
2022-05-11 07:29, succeeded
2022-05-11 19:21, succeeded
2022-05-12 07:29, succeeded
2022-05-12 19:20, succeeded
2022-05-13 07:26, succeeded
2022-05-13 19:21, succeeded
2022-05-14 07:28, succeeded
2022-05-14 19:19, succeeded
2022-05-15 07:23, succeeded
2022-05-15 19:20, succeeded
2022-05-16 07:31, succeeded
2022-05-16 19:20, succeeded
2022-05-17 07:24, succeeded
2022-05-17 19:17, succeeded
2022-05-18 07:24, succeeded
2022-05-18 19:20, succeeded
2022-05-19 07:24, succeeded
2022-05-19 19:21, succeeded
2022-05-20 07:24, succeeded
2022-05-20 19:20, succeeded
2022-05-21 07:23, succeeded
2022-05-21 19:20, succeeded
2022-05-22 07:23, succeeded
2022-05-22 19:20, succeeded
2022-05-23 07:26, succeeded
2022-05-23 19:20, succeeded
2022-05-24 07:24, succeeded
2022-05-24 19:20, succeeded
2022-05-25 07:24, succeeded
2022-05-25 19:21, succeeded
2022-05-26 07:24, succeeded
2022-05-26 19:20, succeeded
2022-05-27 07:24, succeeded
2022-05-27 19:20, succeeded
2022-05-28 07:23, succeeded
2022-05-28 19:20, succeeded
2022-05-29 07:23, succeeded
2022-05-29 19:20, succeeded
2022-05-30 07:26, succeeded
2022-05-30 19:20, succeeded
2022-05-31 07:25, succeeded
2022-05-31 19:21, succeeded
2022-06-01 07:26, succeeded
2022-06-01 19:21, succeeded
2022-06-02 07:27, succeeded
2022-06-02 19:19, succeeded
2022-06-03 07:21, succeeded
2022-06-03 19:18, succeeded
2022-06-04 07:21, succeeded
2022-06-04 19:17, succeeded
2022-06-05 07:21, succeeded
2022-06-05 19:19, succeeded
2022-06-06 07:21, succeeded
2022-06-07 07:22, succeeded
2022-06-07 19:19, succeeded
2022-06-08 07:23, succeeded
2022-06-08 19:18, succeeded
2022-06-09 07:22, succeeded
2022-06-09 19:19, succeeded
2022-06-10 07:23, succeeded
2022-06-10 19:18, succeeded
2022-06-11 07:21, succeeded
2022-06-11 19:17, succeeded
2022-06-12 07:21, succeeded
2022-06-12 19:18, succeeded
2022-06-13 07:23, succeeded
2022-06-13 19:23, succeeded
2022-06-14 07:22, succeeded
2022-06-14 19:21, succeeded
2022-06-15 07:23, succeeded
2022-06-15 19:19, succeeded
2022-06-16 07:22, succeeded
2022-06-16 19:17, succeeded
2022-06-17 07:22, succeeded
2022-06-17 19:21, succeeded
2022-06-18 07:20, succeeded
2022-06-18 19:19, succeeded
2022-06-19 07:21, succeeded
2022-06-19 19:18, succeeded
2022-06-20 07:24, succeeded
2022-06-20 19:21, succeeded
2022-06-21 07:22, succeeded
2022-06-21 19:18, succeeded
2022-06-22 07:22, succeeded
2022-06-22 19:21, succeeded
2022-06-23 07:23, succeeded
2022-06-23 19:19, succeeded
2022-06-24 07:22, succeeded
2022-06-24 19:19, succeeded
2022-06-25 07:21, succeeded
2022-06-25 19:18, succeeded
2022-06-26 07:20, succeeded
2022-06-26 19:18, succeeded
2022-06-27 07:22, succeeded
2022-06-27 19:19, succeeded
2022-06-28 07:23, succeeded
2022-06-28 19:19, succeeded
2022-06-29 07:24, succeeded
2022-06-29 19:20, succeeded
2022-06-30 07:21, succeeded
2022-06-30 19:19, succeeded
2022-07-01 07:23, succeeded
2022-07-01 19:19, succeeded
2022-07-02 07:21, succeeded
2022-07-02 19:18, succeeded
2022-07-03 07:21, succeeded
2022-07-03 19:18, succeeded
2022-07-04 07:32, succeeded
2022-07-04 19:20, succeeded
2022-07-05 07:22, succeeded
2022-07-05 19:19, succeeded
2022-07-06 07:25, succeeded
2022-07-06 19:19, succeeded
2022-07-07 07:23, succeeded
2022-07-07 19:19, succeeded
2022-07-08 07:22, succeeded
2022-07-08 19:19, succeeded
2022-07-09 07:22, succeeded
2022-07-09 19:18, succeeded
2022-07-10 07:24, succeeded
2022-07-10 19:18, succeeded
2022-07-11 07:24, succeeded
2022-07-11 19:19, succeeded
2022-07-12 07:23, succeeded
2022-07-12 19:20, succeeded
2022-07-13 07:23, succeeded
2022-07-13 19:19, succeeded
2022-07-14 07:24, succeeded
2022-07-14 19:19, succeeded
2022-07-15 07:23, succeeded
2022-07-15 19:19, succeeded
2022-07-16 07:21, succeeded
2022-07-16 19:19, succeeded
2022-07-17 07:21, succeeded
2022-07-17 19:19, succeeded
2022-07-18 07:27, succeeded
2022-07-18 19:19, succeeded
2022-07-19 07:23, succeeded
2022-07-19 19:19, succeeded
2022-07-20 07:23, succeeded
2022-07-20 19:19, succeeded
2022-07-21 07:23, succeeded
2022-07-21 19:21, succeeded
2022-07-22 07:24, succeeded
2022-07-22 19:20, succeeded
2022-07-23 07:22, succeeded
2022-07-23 19:20, succeeded
2022-07-24 07:23, succeeded
2022-07-24 19:20, succeeded
2022-07-25 07:24, succeeded
2022-07-25 19:18, succeeded
2022-07-26 07:23, succeeded
2022-07-26 19:20, succeeded
2022-07-27 07:24, succeeded
2022-07-27 19:21, succeeded
2022-07-28 07:23, succeeded
2022-07-28 19:19, succeeded
2022-07-29 07:22, succeeded
2022-07-29 19:19, succeeded
2022-07-30 07:21, succeeded
2022-07-30 19:19, succeeded
2022-07-31 07:21, succeeded
2022-07-31 19:19, succeeded
2022-08-01 07:28, succeeded
2022-08-01 19:19, succeeded
2022-08-02 07:24, succeeded
2022-08-02 19:20, succeeded
2022-08-03 07:23, succeeded
2022-08-03 19:19, succeeded
2022-08-04 07:22, succeeded
2022-08-04 19:21, succeeded
2022-08-05 07:23, succeeded
2022-08-05 19:20, succeeded
2022-08-06 07:21, succeeded
2022-08-06 19:19, succeeded
2022-08-07 07:22, succeeded
2022-08-07 19:19, succeeded
2022-08-08 07:23, succeeded
2022-08-08 19:20, succeeded
2022-08-09 07:22, succeeded
2022-08-09 19:24, succeeded
2022-08-10 07:23, succeeded
2022-08-10 19:20, succeeded
2022-08-11 07:24, succeeded
2022-08-11 19:18, succeeded
2022-08-12 07:22, succeeded
2022-08-13 07:23, succeeded
2022-08-13 19:19, succeeded
2022-08-14 07:22, succeeded
2022-08-14 19:19, succeeded
2022-08-15 07:23, succeeded
2022-08-16 07:19, succeeded
2022-08-16 19:19, succeeded
2022-08-17 07:22, succeeded
2022-08-17 19:20, succeeded
2022-08-18 07:23, succeeded
2022-08-18 19:20, succeeded
2022-08-19 07:24, succeeded
2022-08-19 19:19, succeeded
2022-08-20 07:22, succeeded
2022-08-20 19:19, succeeded
2022-08-21 07:22, succeeded
2022-08-21 19:20, succeeded
2022-08-22 07:22, succeeded
2022-08-22 19:20, succeeded
2022-08-23 07:27, succeeded
2022-08-23 19:20, succeeded
2022-08-24 07:23, succeeded
2022-08-24 19:20, succeeded
2022-08-25 07:28, succeeded
2022-08-25 19:20, succeeded
2022-08-26 07:27, succeeded
2022-08-26 19:20, succeeded
2022-08-27 07:22, succeeded
2022-08-27 19:19, succeeded
2022-08-28 07:22, succeeded
2022-08-28 19:20, succeeded
2022-08-29 07:29, succeeded
2022-08-29 19:20, succeeded
2022-08-30 07:30, succeeded
2022-08-30 19:20, succeeded
2022-08-31 07:39, succeeded
2022-08-31 19:22, succeeded
2022-09-01 07:26, succeeded
2022-09-01 19:20, succeeded
2022-09-02 07:29, succeeded
2022-09-02 19:19, succeeded
2022-09-03 07:23, succeeded
2022-09-03 19:21, succeeded
2022-09-04 07:23, succeeded
2022-09-04 19:20, succeeded
2022-09-05 07:36, succeeded
2022-09-05 19:20, succeeded
2022-09-06 07:41, succeeded
2022-09-06 19:20, succeeded
2022-09-07 07:46, succeeded
2022-09-07 19:22, succeeded
2022-09-08 07:37, succeeded
2022-09-08 19:23, succeeded
2022-09-09 07:30, succeeded
2022-09-09 19:23, succeeded
2022-09-10 07:25, succeeded
2022-09-10 19:21, succeeded
2022-09-11 07:24, succeeded
2022-09-11 19:21, succeeded
2022-09-12 07:44, succeeded
2022-09-12 19:23, succeeded
2022-09-13 07:41, succeeded
2022-09-13 19:22, succeeded
2022-09-14 07:38, succeeded
2022-09-14 19:23, succeeded
2022-09-15 07:35, succeeded
2022-09-15 19:22, succeeded
2022-09-16 07:33, succeeded
2022-09-16 19:24, succeeded
2022-09-17 07:25, succeeded
2022-09-17 19:21, succeeded
2022-09-18 07:25, succeeded
2022-09-18 19:21, succeeded
2022-09-19 07:45, succeeded
2022-09-19 19:24, succeeded
2022-09-20 07:33, succeeded
2022-09-20 19:23, succeeded
2022-09-21 07:47, succeeded
2022-09-21 19:25, succeeded
2022-09-22 07:40, succeeded
2022-09-22 19:23, succeeded
2022-09-23 07:41, succeeded
2022-09-23 19:25, succeeded
2022-09-24 07:26, succeeded
2022-09-24 19:21, succeeded
2022-09-25 07:26, succeeded
2022-09-25 19:22, succeeded
2022-09-26 07:41, succeeded
2022-09-26 19:25, succeeded
2022-09-27 07:48, succeeded
2022-09-27 19:28, succeeded
2022-09-28 07:39, succeeded
2022-09-28 19:27, succeeded
2022-09-29 07:42, succeeded
2022-09-29 19:27, succeeded
2022-09-30 07:50, succeeded
2022-09-30 19:27, succeeded
2022-10-01 07:31, succeeded
2022-10-01 19:24, succeeded
2022-10-02 07:29, succeeded
2022-10-02 19:24, succeeded
2022-10-03 07:35, succeeded
2022-10-03 19:27, succeeded
2022-10-04 07:35, succeeded
2022-10-04 19:28, succeeded
2022-10-05 07:38, succeeded
2022-10-05 19:34, succeeded
2022-10-06 07:32, succeeded
2022-10-06 19:31, succeeded
2022-10-07 07:35, succeeded
2022-10-07 19:27, succeeded
2022-10-08 07:28, succeeded
2022-10-08 19:24, succeeded
2022-10-09 07:28, succeeded
2022-10-09 19:24, succeeded
2022-10-10 07:45, succeeded
2022-10-10 19:32, succeeded
2022-10-11 07:48, succeeded
2022-10-11 19:27, succeeded
2022-10-12 07:35, succeeded
2022-10-12 19:29, succeeded
2022-10-13 07:40, succeeded
2022-10-13 19:29, succeeded
2022-10-14 07:42, succeeded
2022-10-14 19:26, succeeded
2022-10-15 07:30, succeeded
2022-10-15 19:24, succeeded
2022-10-16 07:29, succeeded
2022-10-16 19:25, succeeded
2022-10-17 07:51, succeeded
2022-10-17 19:36, succeeded
2022-10-18 07:46, succeeded
2022-10-18 19:31, succeeded
2022-10-19 07:50, succeeded
2022-10-19 19:33, succeeded
2022-10-20 07:36, succeeded
2022-10-20 19:32, succeeded
2022-10-21 07:36, succeeded
2022-10-21 19:28, succeeded
2022-10-22 07:29, succeeded
2022-10-22 19:25, succeeded
2022-10-23 07:31, succeeded
2022-10-23 19:25, succeeded
2022-10-24 07:52, succeeded
2022-10-24 19:33, succeeded
2022-10-25 07:47, succeeded
2022-10-25 19:43, succeeded
2022-10-26 07:27, succeeded
2022-10-26 19:21, succeeded
2022-10-27 07:25, succeeded
2022-10-27 19:22, succeeded
2022-10-28 07:23, succeeded
2022-10-28 19:21, succeeded
2022-10-29 07:23, succeeded
2022-10-29 19:20, succeeded
2022-10-30 07:23, succeeded
2022-10-30 19:20, succeeded
2022-10-31 07:25, succeeded
2022-10-31 19:21, succeeded
2022-11-01 07:27, succeeded
2022-11-01 19:22, succeeded
2022-11-02 07:25, succeeded
2022-11-02 19:21, succeeded
2022-11-03 07:23, succeeded
2022-11-03 19:20, succeeded
2022-11-04 07:23, succeeded
2022-11-04 19:20, succeeded
2022-11-05 07:22, succeeded
2022-11-05 19:19, succeeded
2022-11-06 07:22, succeeded
2022-11-06 19:19, succeeded
2022-11-07 07:24, succeeded
2022-11-07 19:20, succeeded
2022-11-08 07:23, succeeded
2022-11-08 19:29, succeeded
2022-11-09 07:24, succeeded
2022-11-09 19:20, succeeded
2022-11-10 07:23, succeeded
2022-11-10 19:21, succeeded
2022-11-11 07:24, succeeded
2022-11-11 19:21, succeeded
2022-11-12 07:23, succeeded
2022-11-12 19:19, succeeded
2022-11-13 07:22, succeeded
2022-11-13 19:19, succeeded
2022-11-14 07:23, succeeded
2022-11-14 19:20, succeeded
2022-11-15 07:22, succeeded
2022-11-15 19:18, succeeded
2022-11-16 07:21, succeeded
2022-11-16 19:19, succeeded
2022-11-17 07:21, succeeded
2022-11-17 19:19, succeeded
2022-11-18 07:21, succeeded
2022-11-18 19:19, succeeded
2022-11-19 07:20, succeeded
2022-11-19 19:18, succeeded
2022-11-20 07:20, succeeded
2022-11-20 19:18, succeeded
2022-11-21 07:22, succeeded
2022-11-21 19:19, succeeded
2022-11-22 07:22, succeeded
2022-11-22 19:19, succeeded
2022-11-23 07:20, succeeded
2022-11-23 19:17, succeeded
2022-11-24 07:20, succeeded
2022-11-24 19:17, succeeded
2022-11-25 07:19, succeeded
2022-11-25 19:17, succeeded
2022-11-26 07:18, succeeded
2022-11-26 19:16, succeeded
2022-11-27 07:19, succeeded
2022-11-27 19:17, succeeded
2022-11-28 07:19, succeeded
2022-11-28 19:18, succeeded
2022-11-29 07:20, succeeded
2022-11-29 19:18, succeeded
2022-11-30 07:20, succeeded
2022-11-30 19:18, succeeded
2022-12-01 07:20, succeeded
2022-12-01 19:18, succeeded
2022-12-02 07:19, succeeded
2022-12-02 19:16, succeeded
2022-12-03 07:17, succeeded
2022-12-03 19:15, succeeded
2022-12-04 07:17, succeeded
2022-12-04 19:16, succeeded
2022-12-05 07:19, succeeded
2022-12-05 19:17, succeeded
2022-12-06 07:18, succeeded
2022-12-06 19:17, succeeded
2022-12-07 07:19, succeeded
2022-12-07 19:17, succeeded
2022-12-08 07:19, succeeded
2022-12-08 19:17, succeeded
2022-12-09 07:18, succeeded
2022-12-09 19:16, succeeded
2022-12-10 07:18, succeeded
2022-12-10 19:16, succeeded
2022-12-11 07:18, succeeded
2022-12-11 19:16, succeeded
2022-12-12 07:19, succeeded
2022-12-12 19:19, succeeded
2022-12-13 07:19, succeeded
2022-12-13 19:16, succeeded
2022-12-14 07:19, succeeded
2022-12-14 19:17, succeeded
2022-12-15 07:19, succeeded
2022-12-15 19:16, succeeded
2022-12-16 07:17, succeeded
2022-12-16 19:16, succeeded
2022-12-17 07:16, succeeded
2022-12-17 19:15, succeeded
2022-12-18 07:16, succeeded
2022-12-18 19:15, succeeded
2022-12-19 07:18, succeeded
2022-12-19 19:16, succeeded
2022-12-20 07:18, succeeded
2022-12-20 19:16, succeeded
2022-12-21 07:18, succeeded
2022-12-21 19:16, succeeded
2022-12-22 07:18, succeeded
2022-12-22 19:16, succeeded
2022-12-23 07:18, succeeded
2022-12-23 19:16, succeeded
2022-12-24 07:17, succeeded
2022-12-24 19:14, succeeded
2022-12-25 07:17, succeeded
2022-12-25 19:15, succeeded
2022-12-26 07:18, succeeded
2022-12-26 19:15, succeeded
2022-12-27 07:18, succeeded
2022-12-27 19:15, succeeded
2022-12-28 07:18, succeeded
2022-12-28 19:16, succeeded
2022-12-29 07:17, succeeded
2022-12-29 19:15, succeeded
2022-12-30 07:17, succeeded
2022-12-30 19:15, succeeded
2022-12-31 07:16, succeeded
2022-12-31 19:15, succeeded
2023-01-01 07:17, succeeded
2023-01-01 19:15, succeeded
2023-01-02 07:18, succeeded
2023-01-02 19:15, succeeded
2023-01-03 07:18, succeeded
2023-01-03 19:16, succeeded
2023-01-04 07:18, succeeded
2023-01-04 19:19, succeeded
2023-01-05 07:18, succeeded
2023-01-05 19:16, succeeded
2023-01-06 07:17, succeeded
2023-01-06 19:17, succeeded
2023-01-07 07:17, succeeded
2023-01-07 19:15, succeeded
2023-01-08 07:17, succeeded
2023-01-08 19:15, succeeded
2023-01-09 07:19, succeeded
2023-01-09 19:17, succeeded
2023-01-10 07:18, succeeded
2023-01-10 19:17, succeeded
2023-01-11 07:18, succeeded
2023-01-11 19:17, succeeded
2023-01-12 07:18, succeeded
2023-01-12 19:17, succeeded
2023-01-13 07:18, succeeded
2023-01-13 19:16, succeeded
2023-01-14 07:17, succeeded
2023-01-14 19:15, succeeded
2023-01-15 07:17, succeeded
2023-01-15 19:15, succeeded
2023-01-16 07:19, succeeded
2023-01-16 19:16, succeeded
2023-01-17 07:18, succeeded
2023-01-17 19:17, succeeded
2023-01-18 07:19, succeeded
2023-01-18 19:16, succeeded
2023-01-19 07:18, succeeded
2023-01-19 19:17, succeeded
2023-01-20 07:18, succeeded
2023-01-20 19:16, succeeded
2023-01-21 07:17, succeeded
2023-01-21 19:15, succeeded
2023-01-22 07:17, succeeded
2023-01-22 19:15, succeeded
2023-01-23 07:18, succeeded
2023-01-23 19:16, succeeded
2023-01-24 07:18, succeeded
2023-01-24 19:16, succeeded
2023-01-25 07:21, succeeded
2023-01-25 19:16, succeeded
2023-01-26 07:18, succeeded
2023-01-26 19:16, succeeded
2023-01-27 07:18, succeeded
2023-01-27 19:16, succeeded
2023-01-28 07:17, succeeded
2023-01-28 19:15, succeeded
2023-01-29 07:17, succeeded
2023-01-29 19:16, succeeded
2023-01-30 07:18, succeeded
2023-01-30 19:16, succeeded
2023-01-31 07:18, succeeded
2023-01-31 19:16, succeeded
2023-02-01 07:19, succeeded
2023-02-01 19:17, succeeded
2023-02-02 07:18, succeeded
2023-02-02 19:15, succeeded
2023-02-03 07:18, succeeded
2023-02-03 19:17, succeeded
2023-02-04 07:17, succeeded
2023-02-04 19:15, succeeded
2023-02-05 07:17, succeeded
2023-02-05 19:15, succeeded
2023-02-06 07:18, succeeded
2023-02-06 19:16, succeeded
2023-02-07 07:18, succeeded
2023-02-07 19:17, succeeded
2023-02-08 07:19, succeeded
2023-02-08 19:17, succeeded
2023-02-09 07:19, succeeded
2023-02-09 19:17, succeeded
2023-02-10 07:19, succeeded
2023-02-10 19:17, succeeded
2023-02-11 07:17, succeeded
2023-02-11 19:16, succeeded
2023-02-12 07:17, succeeded
2023-02-12 19:16, succeeded
2023-02-13 07:19, succeeded
2023-02-13 19:17, succeeded
2023-02-14 07:19, succeeded
2023-02-14 19:17, succeeded
2023-02-15 07:19, succeeded
2023-02-15 19:17, succeeded
2023-02-16 07:19, succeeded
2023-02-16 19:16, succeeded
2023-02-17 07:19, succeeded
2023-02-17 19:17, succeeded
2023-02-18 07:18, succeeded
2023-02-18 19:15, succeeded
2023-02-19 07:18, succeeded
2023-02-19 19:16, succeeded
2023-02-20 07:19, succeeded
2023-02-20 19:16, succeeded
2023-02-21 07:19, succeeded
2023-02-21 19:17, succeeded
2023-02-22 07:19, succeeded
2023-02-22 19:16, succeeded
2023-02-23 07:19, succeeded
2023-02-23 19:17, succeeded
2023-02-24 07:19, succeeded
2023-02-24 19:17, succeeded
2023-02-25 07:18, succeeded
2023-02-25 19:16, succeeded
2023-02-26 07:18, succeeded
2023-02-26 19:16, succeeded
2023-02-27 07:19, succeeded
2023-02-27 19:17, succeeded
2023-02-28 07:19, succeeded
2023-02-28 19:17, succeeded
2023-03-01 07:18, succeeded
2023-03-01 19:17, succeeded
2023-03-02 07:19, succeeded
2023-03-02 19:17, succeeded
2023-03-03 07:19, succeeded
2023-03-03 19:17, succeeded
2023-03-04 07:18, succeeded
2023-03-04 19:16, succeeded
2023-03-05 07:18, succeeded
2023-03-05 19:16, succeeded
2023-03-06 07:19, succeeded
2023-03-06 19:17, succeeded
2023-03-07 07:19, succeeded
2023-03-07 19:17, succeeded
2023-03-08 07:19, succeeded
2023-03-08 19:17, succeeded
2023-03-09 07:19, succeeded
2023-03-09 19:17, succeeded
2023-03-10 07:19, succeeded
2023-03-10 19:16, succeeded
2023-03-11 07:17, succeeded
2023-03-11 19:15, succeeded
2023-03-12 07:17, succeeded
2023-03-12 19:15, succeeded
2023-03-13 07:18, succeeded
2023-03-13 19:16, succeeded
2023-03-14 07:20, succeeded
2023-03-14 19:21, succeeded
2023-03-15 07:18, succeeded
2023-03-15 19:17, succeeded
2023-03-16 07:19, succeeded
2023-03-16 19:16, succeeded
2023-03-17 07:18, succeeded
2023-03-17 19:16, succeeded
2023-03-18 07:17, succeeded
2023-03-18 19:15, succeeded
2023-03-19 07:17, succeeded
2023-03-19 19:16, succeeded
2023-03-20 07:19, succeeded
2023-03-20 19:16, succeeded
2023-03-21 07:17, succeeded
2023-03-21 19:15, succeeded
2023-03-22 07:17, succeeded
2023-03-22 19:15, succeeded
2023-03-23 07:17, succeeded
2023-03-23 19:15, succeeded
2023-03-24 07:17, succeeded
2023-03-24 19:15, succeeded
2023-03-25 07:16, succeeded
2023-03-25 19:14, succeeded
2023-03-26 07:16, succeeded
2023-03-26 19:14, succeeded
2023-03-27 07:18, succeeded
2023-03-27 19:15, succeeded
2023-03-28 07:18, succeeded
2023-03-28 19:16, succeeded
2023-03-29 07:18, succeeded
2023-03-29 19:16, succeeded
2023-03-30 07:18, succeeded
2023-03-30 19:14, succeeded
2023-03-31 07:17, succeeded
2023-03-31 19:14, succeeded
2023-04-01 07:16, succeeded
2023-04-01 19:14, succeeded
2023-04-02 07:16, succeeded
2023-04-02 19:13, succeeded
2023-04-03 07:17, succeeded
2023-04-03 19:14, succeeded
2023-04-04 07:17, succeeded
2023-04-04 19:14, succeeded
2023-04-05 07:18, succeeded
2023-04-05 19:17, succeeded
2023-04-06 07:16, succeeded
2023-04-06 19:14, succeeded
2023-04-07 07:16, succeeded
2023-04-07 19:14, succeeded
2023-04-08 07:15, succeeded
2023-04-08 19:13, succeeded
2023-04-09 07:15, succeeded
2023-04-09 19:13, succeeded
2023-04-10 07:16, succeeded
2023-04-10 19:15, succeeded
2023-04-11 07:17, succeeded
2023-04-11 19:15, succeeded
2023-04-12 07:17, succeeded
2023-04-12 19:14, succeeded
2023-04-13 07:17, succeeded
2023-04-13 19:14, succeeded
2023-04-14 07:17, succeeded
2023-04-14 19:14, succeeded
2023-04-15 07:16, succeeded
2023-04-15 19:14, succeeded
2023-04-16 07:16, succeeded
2023-04-16 19:14, succeeded
2023-04-17 07:17, succeeded
2023-04-17 19:14, succeeded
2023-04-18 07:17, succeeded
2023-04-18 19:15, succeeded
2023-04-19 07:17, succeeded
2023-04-19 19:15, succeeded
2023-04-20 07:17, succeeded
2023-04-20 19:17, succeeded
2023-04-21 07:17, succeeded
2023-04-21 19:14, succeeded
2023-04-22 07:16, succeeded
2023-04-22 19:14, succeeded
2023-04-23 07:16, succeeded
2023-04-23 19:14, succeeded
2023-04-24 07:18, succeeded
2023-04-24 19:15, succeeded
2023-04-25 07:17, succeeded
2023-04-25 19:15, succeeded
2023-04-26 07:17, succeeded
2023-04-26 19:15, succeeded
2023-04-27 07:17, succeeded
2023-04-27 19:15, succeeded
2023-04-28 07:17, succeeded
2023-04-28 19:15, succeeded
2023-04-29 07:18, succeeded
2023-04-29 19:14, succeeded
2023-04-30 07:16, succeeded
2023-04-30 19:14, succeeded
2023-05-01 07:17, succeeded
2023-05-01 19:15, succeeded
2023-05-02 07:17, succeeded
2023-05-02 19:15, succeeded
2023-05-03 07:18, succeeded
2023-05-03 19:14, succeeded
2023-05-04 07:18, succeeded
2023-05-04 19:14, succeeded
2023-05-05 07:16, succeeded
2023-05-05 19:14, succeeded
2023-05-06 07:16, succeeded
2023-05-06 19:14, succeeded
2023-05-07 07:16, succeeded
2023-05-07 19:14, succeeded
2023-05-08 07:17, succeeded
2023-05-08 19:15, succeeded
2023-05-09 07:17, succeeded
2023-05-09 19:14, succeeded
2023-05-10 07:17, succeeded
2023-05-11 07:17, succeeded
2023-05-11 19:14, succeeded
2023-05-12 07:16, succeeded
2023-05-12 19:14, succeeded
2023-05-13 07:16, succeeded
2023-05-13 19:13, succeeded
2023-05-14 07:17, succeeded
2023-05-14 19:14, succeeded
2023-05-15 07:18, succeeded
2023-05-15 19:14, succeeded
2023-05-16 07:17, succeeded
2023-05-16 19:15, succeeded
2023-05-17 07:17, succeeded
2023-05-17 19:14, succeeded
2023-05-18 07:16, succeeded
2023-05-18 19:14, succeeded
2023-05-19 07:16, succeeded
2023-05-19 19:14, succeeded
2023-05-20 07:15, succeeded
2023-05-20 19:13, succeeded
2023-05-21 07:15, succeeded
2023-05-21 19:13, succeeded
2023-05-22 07:17, succeeded
2023-05-22 19:14, succeeded
2023-05-23 07:17, succeeded
2023-05-23 19:15, succeeded
2023-05-24 07:16, succeeded
2023-05-24 19:14, succeeded
2023-05-25 07:16, succeeded
2023-05-25 19:14, succeeded
2023-05-26 07:17, succeeded
2023-05-26 19:14, succeeded
2023-05-27 07:15, succeeded
2023-05-27 19:13, succeeded
2023-05-28 07:16, succeeded
2023-05-28 19:13, succeeded
2023-05-29 07:17, succeeded
2023-05-29 19:15, succeeded
2023-05-30 07:16, succeeded
2023-05-30 19:14, succeeded
2023-05-31 07:17, succeeded
2023-05-31 19:14, succeeded
2023-06-01 07:17, succeeded
2023-06-01 19:14, succeeded
2023-06-02 07:16, succeeded
2023-06-02 19:14, succeeded
2023-06-03 07:15, succeeded
2023-06-03 19:14, succeeded
2023-06-04 07:16, succeeded
2023-06-04 19:13, succeeded
2023-06-05 07:17, succeeded
2023-06-05 19:14, succeeded
2023-06-06 07:16, succeeded
2023-06-06 19:14, succeeded
2023-06-07 07:17, succeeded
2023-06-07 19:15, succeeded
2023-06-08 07:16, succeeded
2023-06-08 19:15, succeeded
2023-06-09 07:17, succeeded
2023-06-09 19:14, succeeded
2023-06-10 07:15, succeeded
2023-06-10 19:14, succeeded
2023-06-11 07:16, succeeded
2023-06-11 19:14, succeeded
2023-06-12 07:17, succeeded
2023-06-12 19:14, succeeded
2023-06-13 07:17, succeeded
2023-06-13 19:14, succeeded
2023-06-14 07:17, succeeded
2023-06-14 19:14, succeeded
2023-06-15 07:17, succeeded
2023-06-15 19:13, succeeded
2023-06-16 07:16, succeeded
2023-06-16 19:14, succeeded
2023-06-17 07:16, succeeded
2023-06-17 19:13, succeeded
2023-06-18 07:16, succeeded
2023-06-18 19:14, succeeded
2023-06-19 07:18, succeeded
2023-06-19 19:14, succeeded
2023-06-20 07:17, succeeded
2023-06-20 19:14, succeeded
2023-06-21 07:17, succeeded
2023-06-21 19:14, succeeded
2023-06-22 07:17, succeeded
2023-06-22 19:17, succeeded
2023-06-23 07:19, succeeded
2023-06-23 19:17, succeeded
2023-06-24 07:18, succeeded
2023-06-24 19:16, succeeded
2023-06-25 07:18, succeeded
2023-06-25 19:16, succeeded
2023-06-26 07:20, succeeded
2023-06-26 19:16, succeeded
2023-06-27 07:19, succeeded
2023-06-27 19:16, succeeded
2023-06-28 07:19, succeeded
2023-06-28 19:16, succeeded
2023-06-29 07:19, succeeded
2023-06-29 19:16, succeeded
2023-06-30 07:18, succeeded
2023-06-30 19:16, succeeded
2023-07-01 07:18, succeeded
2023-07-01 19:15, succeeded
2023-07-02 07:17, succeeded
2023-07-02 19:15, succeeded
2023-07-03 07:19, succeeded
2023-07-03 19:17, succeeded
2023-07-04 07:19, succeeded
2023-07-04 19:17, succeeded
2023-07-05 07:20, succeeded
2023-07-05 19:17, succeeded
2023-07-06 07:20, succeeded
2023-07-06 19:16, succeeded
2023-07-07 07:19, succeeded
2023-07-07 19:14, succeeded
2023-07-08 07:17, succeeded
2023-07-08 19:15, succeeded
2023-07-09 07:18, succeeded
2023-07-09 19:15, succeeded
2023-07-10 07:19, succeeded
2023-07-10 19:17, succeeded
2023-07-11 07:19, succeeded
2023-07-11 19:16, succeeded
2023-07-12 07:18, succeeded
2023-07-12 19:16, succeeded
2023-07-13 07:18, succeeded
2023-07-13 19:15, succeeded
2023-07-14 07:19, succeeded
2023-07-14 19:16, succeeded
2023-07-15 07:18, succeeded
2023-07-15 19:15, succeeded
2023-07-16 07:18, succeeded
2023-07-16 19:15, succeeded
2023-07-17 07:19, succeeded
2023-07-17 19:16, succeeded
2023-07-18 07:18, succeeded
2023-07-18 19:15, succeeded
2023-07-19 07:17, succeeded
2023-07-19 19:14, succeeded
2023-07-20 07:17, succeeded
2023-07-20 19:14, succeeded
2023-07-21 07:16, succeeded
2023-07-21 19:14, succeeded
2023-07-22 07:15, succeeded
2023-07-22 19:13, succeeded
2023-07-23 07:15, succeeded
2023-07-23 19:14, succeeded
2023-07-24 07:17, succeeded
2023-07-24 19:14, succeeded
2023-07-25 07:17, succeeded
2023-07-25 19:12, succeeded
2023-07-26 07:16, succeeded
2023-07-26 19:14, succeeded
2023-07-27 07:16, succeeded
2023-07-27 19:14, succeeded
2023-07-28 07:16, succeeded
2023-07-28 19:14, succeeded
2023-07-29 07:14, succeeded
2023-07-29 19:13, succeeded
2023-07-30 07:15, succeeded
2023-07-30 19:13, succeeded
2023-07-31 07:17, succeeded
2023-07-31 19:14, succeeded
2023-08-11 07:16, succeeded
2023-08-11 19:13, succeeded
2023-08-12 07:14, succeeded
2023-08-12 19:12, succeeded
2023-08-13 07:14, succeeded
2023-08-13 19:12, succeeded
2023-08-14 07:16, succeeded
2023-08-14 19:13, succeeded
2023-08-15 07:15, succeeded
2023-08-15 19:13, succeeded
2023-08-16 07:16, succeeded
2023-08-16 19:13, succeeded
2023-08-17 07:15, succeeded
2023-08-17 19:13, succeeded
2023-08-18 07:15, succeeded
2023-08-18 19:13, succeeded
2023-08-19 07:14, succeeded
2023-08-19 19:12, succeeded
2023-08-20 07:14, succeeded
2023-08-20 19:14, succeeded
2023-08-21 07:16, succeeded
2023-08-21 19:12, succeeded
2023-08-22 07:16, succeeded
2023-08-22 19:14, succeeded
2023-08-23 07:16, succeeded
2023-08-23 19:13, succeeded
2023-08-24 07:16, succeeded
2023-08-24 19:13, succeeded
2023-08-25 07:16, succeeded
2023-08-25 19:13, succeeded
2023-08-26 07:14, succeeded
2023-08-26 19:14, succeeded
2023-08-27 07:14, succeeded
2023-08-27 19:13, succeeded
2023-08-28 07:16, succeeded
2023-08-28 19:14, succeeded
2023-08-29 07:16, succeeded
2023-08-29 19:14, succeeded
2023-08-30 07:16, succeeded
2023-08-30 19:14, succeeded
2023-08-31 07:16, succeeded
2023-08-31 19:12, succeeded
2023-09-01 07:16, succeeded
2023-09-01 19:13, succeeded
2023-09-02 07:14, succeeded
2023-09-02 19:12, succeeded
2023-09-03 07:15, succeeded
2023-09-03 19:13, succeeded
2023-09-04 07:17, succeeded
2023-09-04 19:13, succeeded
2023-09-05 07:16, succeeded
2023-09-05 19:14, succeeded
2023-09-06 07:16, succeeded
2023-09-06 19:14, succeeded
2023-09-07 07:16, succeeded
2023-09-07 19:13, succeeded
2023-09-08 07:16, succeeded
2023-09-08 19:13, succeeded
2023-09-09 07:14, succeeded
2023-09-09 19:13, succeeded
2023-09-10 07:15, succeeded
2023-09-10 19:13, succeeded
2023-09-11 07:17, succeeded
2023-09-11 19:14, succeeded
2023-09-12 07:16, succeeded
2023-09-12 19:13, succeeded
2023-09-13 07:16, succeeded
2023-09-13 19:14, succeeded
2023-09-14 07:16, succeeded
2023-09-14 19:11, succeeded
2023-09-15 07:16, succeeded
2023-09-15 19:14, succeeded
2023-09-16 07:14, succeeded
2023-09-16 19:14, succeeded
2023-09-17 07:15, succeeded
2023-09-17 19:13, succeeded
2023-09-18 07:17, succeeded
2023-09-18 19:14, succeeded
2023-09-19 07:16, succeeded
2023-09-19 19:14, succeeded
2023-09-20 07:16, succeeded
2023-09-20 19:14, succeeded
2023-09-21 07:16, succeeded
2023-09-21 19:13, succeeded
2023-09-22 07:16, succeeded
2023-09-22 19:14, succeeded
2023-09-23 07:14, succeeded
2023-09-23 19:13, succeeded
2023-09-24 07:15, succeeded
2023-09-24 19:13, succeeded
2023-09-25 07:17, succeeded
2023-09-25 19:14, succeeded
2023-09-26 07:17, succeeded
2023-09-26 19:14, succeeded
2023-09-27 07:16, succeeded
2023-09-27 19:14, succeeded
2023-09-28 07:17, succeeded
2023-09-28 19:14, succeeded
2023-09-29 07:16, succeeded
2023-09-29 19:14, succeeded
2023-09-30 07:14, succeeded
2023-09-30 19:13, succeeded
2023-10-01 07:16, succeeded
2023-10-01 19:13, succeeded
2023-10-02 07:16, succeeded
2023-10-02 19:14, succeeded
2023-10-03 07:16, succeeded
2023-10-03 19:14, succeeded
2023-10-04 07:17, succeeded
2023-10-04 19:14, succeeded
2023-10-05 07:16, succeeded
2023-10-05 19:14, succeeded
2023-10-06 07:16, succeeded
2023-10-06 19:14, succeeded
2023-10-07 07:15, succeeded
2023-10-07 19:13, succeeded
2023-10-08 07:15, succeeded
2023-10-08 19:13, succeeded
2023-10-09 07:17, succeeded
2023-10-09 19:14, succeeded
2023-10-10 07:16, succeeded
2023-10-10 19:12, succeeded
2023-10-11 07:17, succeeded
2023-10-11 19:14, succeeded
2023-10-12 07:17, succeeded
2023-10-12 19:14, succeeded
2023-10-13 07:16, succeeded
2023-10-13 19:14, succeeded
2023-10-14 07:15, succeeded
2023-10-14 19:13, succeeded
2023-10-15 07:15, succeeded
2023-10-15 19:13, succeeded
2023-10-16 07:17, succeeded
2023-10-16 19:15, succeeded
2023-10-17 07:17, succeeded
2023-10-17 19:14, succeeded
2023-10-18 07:17, succeeded
2023-10-18 19:15, succeeded
2023-10-19 07:16, succeeded
2023-10-19 19:14, succeeded
2023-10-20 07:16, succeeded
2023-10-20 19:14, succeeded
2023-10-21 07:15, succeeded
2023-10-21 19:13, succeeded
2023-10-22 07:15, succeeded
2023-10-22 19:14, succeeded
2023-10-23 07:17, succeeded
2023-10-23 19:14, succeeded
2023-10-24 07:16, succeeded
2023-10-24 19:14, succeeded
2023-10-25 07:17, succeeded
2023-10-25 19:14, succeeded
2023-10-26 07:16, succeeded
2023-10-26 19:14, succeeded
2023-10-27 07:16, succeeded
2023-10-27 19:12, succeeded
2023-10-28 07:15, succeeded
2023-10-28 19:13, succeeded
2023-10-29 07:15, succeeded
2023-10-29 19:13, succeeded
2023-10-30 07:16, succeeded
2023-10-30 19:14, succeeded
2023-10-31 07:16, succeeded
2023-10-31 19:15, succeeded
2023-11-01 07:17, succeeded
2023-11-01 19:14, succeeded
2023-11-02 07:17, succeeded
2023-11-02 19:14, succeeded
2023-11-03 07:16, succeeded
2023-11-03 19:14, succeeded
2023-11-04 07:16, succeeded
2023-11-04 19:13, succeeded
2023-11-05 07:15, succeeded
2023-11-05 19:13, succeeded
2023-11-06 07:17, succeeded
2023-11-06 19:14, succeeded
2023-11-07 07:16, succeeded
2023-11-07 19:14, succeeded
2023-11-08 07:16, succeeded
2023-11-08 19:14, succeeded
2023-11-09 07:16, succeeded
2023-11-09 19:14, succeeded
2023-11-10 07:16, succeeded
2023-11-10 19:14, succeeded
2023-11-11 07:15, succeeded
2023-11-11 19:13, succeeded
2023-11-12 07:17, succeeded
2023-11-12 19:13, succeeded
2023-11-13 07:17, succeeded
2023-11-13 19:14, succeeded
2023-11-14 07:16, succeeded
2023-11-14 19:12, succeeded
2023-11-15 07:17, succeeded
2023-11-15 19:15, succeeded
2023-11-16 07:17, succeeded
2023-11-16 19:12, succeeded
2023-11-17 07:16, succeeded
2023-11-17 19:15, succeeded
2023-11-18 07:15, succeeded
2023-11-18 19:13, succeeded
2023-11-19 07:16, succeeded
2023-11-19 19:14, succeeded
2023-11-20 07:17, succeeded
2023-11-20 19:15, succeeded
2023-11-21 07:17, succeeded
2023-11-21 19:15, succeeded
2023-11-22 07:17, succeeded
2023-11-22 19:15, succeeded
2023-11-23 07:17, succeeded
2023-11-23 19:14, succeeded
2023-11-24 07:17, succeeded
2023-11-24 19:14, succeeded
2023-11-25 07:16, succeeded
2023-11-25 19:13, succeeded
2023-11-26 07:16, succeeded
2023-11-26 19:13, succeeded
2023-11-27 07:17, succeeded
2023-11-27 19:14, succeeded
2023-11-28 07:17, succeeded
2023-11-28 19:15, succeeded
2023-11-29 07:17, succeeded
2023-11-29 19:15, succeeded
2023-11-30 07:17, succeeded
2023-11-30 19:14, succeeded
2023-12-01 07:17, succeeded
2023-12-01 19:14, succeeded
2023-12-02 07:15, succeeded
2023-12-02 19:14, succeeded
2023-12-03 07:16, succeeded
2023-12-03 19:14, succeeded
2023-12-04 07:17, succeeded
2023-12-04 19:15, succeeded
2023-12-05 07:17, succeeded
2023-12-05 19:14, succeeded
2023-12-06 07:17, succeeded
2023-12-06 19:15, succeeded
2023-12-07 07:17, succeeded
2023-12-07 19:15, succeeded
2023-12-08 07:17, succeeded
2023-12-08 19:14, succeeded
2023-12-09 07:16, succeeded
2023-12-09 19:14, succeeded
2023-12-10 07:16, succeeded
2023-12-10 19:14, succeeded
2023-12-11 07:18, succeeded
2023-12-11 19:15, succeeded
2023-12-12 07:17, succeeded
2023-12-12 19:15, succeeded
2023-12-13 07:17, succeeded
2023-12-13 19:15, succeeded
2023-12-14 07:17, succeeded
2023-12-14 19:15, succeeded
2023-12-15 07:17, succeeded
2023-12-15 19:15, succeeded
2023-12-16 07:16, succeeded
2023-12-16 19:14, succeeded
2023-12-17 07:16, succeeded
2023-12-17 19:14, succeeded
2023-12-18 07:17, succeeded
2023-12-18 19:15, succeeded
2023-12-19 07:17, succeeded
2023-12-19 19:12, succeeded
2023-12-20 07:13, succeeded
2023-12-20 19:14, succeeded
2023-12-21 07:17, succeeded
2023-12-21 19:13, succeeded
2023-12-22 07:17, succeeded
2023-12-22 19:14, succeeded
2023-12-23 07:16, succeeded
2023-12-23 19:13, succeeded
2023-12-24 07:16, succeeded
2023-12-24 19:14, succeeded
2023-12-25 07:17, succeeded
2023-12-25 19:15, succeeded
2023-12-26 07:16, succeeded
2023-12-26 19:14, succeeded
2023-12-27 07:17, succeeded
2023-12-27 19:15, succeeded
2023-12-28 07:16, succeeded
2023-12-28 19:14, succeeded
2023-12-29 07:16, succeeded
2023-12-29 19:14, succeeded
2023-12-30 07:16, succeeded
2023-12-30 19:14, succeeded
2023-12-31 07:16, succeeded
2023-12-31 19:14, succeeded
2024-01-01 07:17, succeeded
2024-01-01 19:14, succeeded
2024-01-02 07:17, succeeded
2024-01-02 19:14, succeeded
2024-01-03 07:18, succeeded
2024-01-03 19:15, succeeded
2024-01-04 07:17, succeeded
2024-01-04 19:15, succeeded
2024-01-05 07:17, succeeded
2024-01-05 19:15, succeeded
2024-01-06 07:16, succeeded
2024-01-06 19:14, succeeded
2024-01-07 07:16, succeeded
2024-01-07 19:14, succeeded
2024-01-08 07:17, succeeded
2024-01-08 19:15, succeeded
2024-01-09 07:19, succeeded
2024-01-09 19:15, succeeded
2024-01-10 07:17, succeeded
2024-01-10 19:15, succeeded
2024-01-11 07:17, succeeded
2024-01-11 19:15, succeeded
2024-01-12 07:17, succeeded
2024-01-12 19:15, succeeded
2024-01-13 07:16, succeeded
2024-01-13 19:14, succeeded
2024-01-14 07:16, succeeded
2024-01-14 19:14, succeeded
2024-01-15 07:18, succeeded
2024-01-15 19:15, succeeded
2024-01-16 07:17, succeeded
2024-01-16 19:15, succeeded
2024-01-17 07:18, succeeded
2024-01-17 19:15, succeeded
2024-01-18 07:18, succeeded
2024-01-18 19:15, succeeded
2024-01-19 07:17, succeeded
2024-01-19 19:15, succeeded
2024-01-20 07:16, succeeded
2024-01-20 19:15, succeeded
2024-01-21 07:16, succeeded
2024-01-21 19:14, succeeded
2024-01-22 07:18, succeeded
2024-01-22 19:15, succeeded
2024-01-23 07:18, succeeded
2024-01-23 19:15, succeeded
2024-01-24 07:18, succeeded
2024-01-24 19:16, succeeded
2024-01-25 07:17, succeeded
2024-01-25 19:15, succeeded
2024-01-26 07:16, succeeded
2024-01-26 19:13, succeeded
2024-01-27 07:16, succeeded
2024-01-27 19:14, succeeded
2024-01-28 07:16, succeeded
2024-01-28 19:13, succeeded
2024-01-29 07:16, succeeded
2024-01-29 19:14, succeeded
2024-01-30 07:18, succeeded
2024-01-30 19:14, succeeded
2024-01-31 07:16, succeeded
2024-01-31 19:13, succeeded
2024-02-01 07:17, succeeded
2024-02-01 19:15, succeeded
2024-02-02 07:15, succeeded
2024-02-02 19:15, succeeded
2024-02-03 07:15, succeeded
2024-02-03 19:13, succeeded
2024-02-04 07:17, succeeded
2024-02-04 19:14, succeeded
2024-02-05 07:17, succeeded
2024-02-05 19:15, succeeded
2024-02-06 07:16, succeeded
2024-02-06 19:14, succeeded
2024-02-07 07:17, succeeded
2024-02-07 19:14, succeeded
2024-02-08 07:17, succeeded
2024-02-08 19:15, succeeded
2024-02-09 07:15, succeeded
2024-02-09 19:15, succeeded
2024-02-10 07:15, succeeded
2024-02-10 19:13, succeeded
2024-02-11 07:16, succeeded
2024-02-11 19:14, succeeded
2024-02-12 07:16, succeeded
2024-02-12 19:18, succeeded
2024-02-13 07:16, succeeded
2024-02-13 19:14, succeeded
2024-02-14 07:18, succeeded
2024-02-14 19:14, succeeded
2024-02-15 07:16, succeeded
2024-02-15 19:15, succeeded
2024-02-16 07:17, succeeded
2024-02-16 19:15, succeeded
2024-02-17 07:15, succeeded
2024-02-17 19:14, succeeded
2024-02-18 07:18, succeeded
2024-02-18 19:13, succeeded
2024-02-19 07:18, succeeded
2024-02-19 19:15, succeeded
2024-02-20 07:18, succeeded
2024-02-20 19:14, succeeded
2024-02-21 07:16, succeeded
2024-02-21 19:14, succeeded
2024-02-22 07:17, succeeded
2024-02-22 19:14, succeeded
2024-02-23 07:17, succeeded
2024-02-23 19:16, succeeded
2024-02-24 07:16, succeeded
2024-02-24 19:13, succeeded
2024-02-25 07:17, succeeded
2024-02-25 19:15, succeeded
2024-02-26 07:18, succeeded
2024-02-26 19:14, succeeded
2024-02-27 07:18, succeeded
2024-02-27 19:14, succeeded
2024-02-28 07:16, succeeded
2024-02-28 19:15, succeeded
2024-02-29 07:18, succeeded
2024-02-29 19:13, succeeded
2024-03-01 07:16, succeeded
2024-03-01 19:15, succeeded
2024-03-02 07:15, succeeded
2024-03-02 19:13, succeeded
2024-03-03 07:15, succeeded
2024-03-03 19:13, succeeded
2024-03-04 07:57, succeeded
2024-03-04 19:15, succeeded
2024-03-05 07:16, succeeded
2024-03-05 19:14, succeeded
2024-03-06 07:16, succeeded
2024-03-06 19:12, succeeded
2024-03-07 07:14, succeeded
2024-03-07 19:13, succeeded
2024-03-08 07:20, succeeded
2024-03-08 19:14, succeeded
2024-03-09 07:16, succeeded
2024-03-09 19:13, succeeded
2024-03-10 07:18, succeeded
2024-03-10 19:13, succeeded
2024-03-11 07:17, succeeded
2024-03-11 19:17, succeeded
2024-03-12 07:16, succeeded
2024-03-12 19:16, succeeded
2024-03-13 07:16, succeeded
2024-03-13 19:15, succeeded
2024-03-14 07:19, succeeded
2024-03-14 19:15, succeeded
2024-03-15 07:17, succeeded
2024-03-15 19:15, succeeded
2024-03-16 07:20, succeeded
2024-03-16 19:15, succeeded
2024-03-17 07:15, succeeded
2024-03-17 19:14, succeeded
2024-03-18 07:17, succeeded
2024-03-18 19:15, succeeded
2024-03-19 07:17, succeeded
2024-03-19 19:15, succeeded
2024-03-20 07:17, succeeded
2024-03-20 19:14, succeeded
2024-03-21 07:17, succeeded
2024-03-21 19:16, succeeded
2024-03-22 07:17, succeeded
2024-03-22 19:16, succeeded
2024-03-23 07:17, succeeded
2024-03-23 19:14, succeeded
2024-03-24 07:16, succeeded
2024-03-24 19:15, succeeded
2024-03-25 07:17, succeeded
2024-03-25 19:15, succeeded
2024-03-26 07:16, succeeded
2024-03-26 19:14, succeeded
2024-03-27 07:17, succeeded
2024-03-27 19:15, succeeded
2024-03-28 07:16, succeeded
2024-03-28 19:13, succeeded
2024-03-29 07:17, succeeded
2024-03-29 19:15, succeeded
2024-03-30 07:17, succeeded
2024-03-30 19:14, succeeded
2024-03-31 07:16, succeeded
2024-03-31 19:15, succeeded
2024-04-01 07:17, succeeded
2024-04-01 19:15, succeeded
2024-04-02 07:18, succeeded
2024-04-02 19:14, succeeded
2024-04-03 07:17, succeeded
2024-04-03 19:16, succeeded
2024-04-04 07:19, succeeded
2024-04-04 19:15, succeeded
2024-04-05 07:17, succeeded
2024-04-05 19:16, succeeded
2024-04-06 07:16, succeeded
2024-04-06 19:13, succeeded
2024-04-07 07:15, succeeded
2024-04-07 19:13, succeeded
2024-04-08 07:19, succeeded
2024-04-08 19:15, succeeded
2024-04-09 07:18, succeeded
2024-04-09 19:12, succeeded
2024-04-10 07:19, succeeded
2024-04-10 19:15, succeeded
2024-04-11 07:17, succeeded
2024-04-11 19:14, succeeded
2024-04-12 07:20, succeeded
2024-04-12 19:15, succeeded
2024-04-13 07:15, succeeded
2024-04-13 19:12, succeeded
2024-04-14 08:16, succeeded
2024-04-14 22:59, succeeded
2024-04-15 07:14, succeeded
2024-04-15 19:15, succeeded
2024-04-16 07:19, succeeded
2024-04-16 19:14, succeeded
2024-04-17 07:18, succeeded
2024-04-17 19:12, succeeded
2024-04-18 07:17, succeeded
2024-04-18 19:13, succeeded
2024-04-19 07:18, succeeded
2024-04-19 19:16, succeeded
2024-04-20 07:15, succeeded
2024-04-20 19:14, succeeded
2024-04-21 07:17, succeeded
2024-04-21 19:15, succeeded
2024-04-22 07:17, succeeded
2024-04-22 19:16, succeeded
2024-04-23 07:18, succeeded
2024-04-23 19:15, succeeded
2024-04-24 07:17, succeeded
2024-04-24 19:15, succeeded
2024-04-25 07:18, succeeded
2024-04-25 19:15, succeeded
2024-04-26 07:18, succeeded
2024-04-26 19:16, succeeded
2024-04-27 07:15, succeeded
2024-04-27 19:14, succeeded
2024-04-28 07:16, succeeded
2024-04-28 19:14, succeeded
2024-04-29 07:17, succeeded
2024-04-29 19:14, succeeded
2024-04-30 07:18, succeeded
2024-04-30 19:14, succeeded
2024-05-01 07:21, succeeded
2024-05-01 19:17, succeeded
2024-05-02 07:18, succeeded
2024-05-02 19:14, succeeded
2024-05-03 07:17, succeeded
2024-05-03 19:15, succeeded
2024-05-04 07:17, succeeded
2024-05-04 19:15, succeeded
2024-05-05 07:16, succeeded
2024-05-05 19:16, succeeded
2024-05-06 07:19, succeeded
2024-05-06 19:15, succeeded
2024-05-07 07:24, succeeded
2024-05-07 19:15, succeeded
2024-05-08 07:20, succeeded
2024-05-08 19:15, succeeded
2024-05-09 07:19, succeeded
2024-05-09 19:15, succeeded
2024-05-10 07:19, succeeded
2024-05-10 19:17, succeeded
2024-05-11 07:19, succeeded
2024-05-11 19:14, succeeded
2024-05-12 07:16, succeeded
2024-05-12 19:14, succeeded
2024-05-13 07:18, succeeded
2024-05-13 19:15, succeeded
2024-05-14 07:19, succeeded
2024-05-14 19:15, succeeded
2024-05-15 07:18, succeeded
2024-05-15 19:16, succeeded
2024-05-16 07:15, succeeded
2024-05-16 19:15, succeeded
2024-05-17 07:18, succeeded
2024-05-17 19:15, succeeded
2024-05-18 07:18, succeeded
2024-05-18 19:14, succeeded
2024-05-19 07:16, succeeded
2024-05-19 19:14, succeeded
2024-05-20 07:19, succeeded
2024-05-20 19:15, succeeded
2024-05-21 07:18, succeeded
2024-05-21 19:16, succeeded
2024-05-22 07:18, succeeded
2024-05-22 19:16, succeeded
2024-05-23 07:18, succeeded
2024-05-23 19:18, succeeded
2024-05-24 07:18, succeeded
2024-05-24 19:15, succeeded
2024-05-25 07:17, succeeded
2024-05-25 19:15, succeeded
2024-05-26 07:18, succeeded
2024-05-26 19:15, succeeded
2024-05-27 07:19, succeeded
2024-05-27 19:16, succeeded
2024-05-28 07:18, succeeded
2024-05-28 19:16, succeeded
2024-05-29 07:18, succeeded
2024-05-29 19:16, succeeded
2024-05-30 07:19, succeeded
2024-05-30 19:17, succeeded
2024-05-31 07:19, succeeded
2024-05-31 19:16, succeeded
2024-06-01 07:17, succeeded
2024-06-01 19:17, succeeded
2024-06-02 07:18, succeeded
2024-06-02 19:15, succeeded
2024-06-03 07:18, succeeded
2024-06-03 19:16, succeeded
2024-06-04 07:19, succeeded
2024-06-04 19:17, succeeded
2024-06-05 07:19, succeeded
2024-06-05 19:16, succeeded
2024-06-06 07:19, succeeded
2024-06-06 19:18, succeeded
2024-06-07 07:18, succeeded
2024-06-07 19:18, succeeded
2024-06-08 07:18, succeeded
2024-06-08 19:16, succeeded
2024-06-09 07:18, succeeded
2024-06-09 19:16, succeeded
2024-06-10 07:19, succeeded
2024-06-10 19:16, succeeded
2024-06-11 07:19, succeeded
2024-06-11 19:16, succeeded
2024-06-12 07:19, succeeded
2024-06-12 19:16, succeeded
2024-06-13 07:18, succeeded
2024-06-13 19:16, succeeded
2024-06-14 07:19, succeeded
2024-06-14 19:16, succeeded
2024-06-15 07:20, succeeded
2024-06-15 19:16, succeeded
2024-06-16 07:19, succeeded
2024-06-16 19:17, succeeded
2024-06-17 07:19, succeeded
2024-06-17 19:15, succeeded
2024-06-18 07:19, succeeded
2024-06-18 19:16, succeeded
2024-06-19 07:18, succeeded
2024-06-19 19:16, succeeded
2024-06-20 07:18, succeeded
2024-06-20 19:16, succeeded
2024-06-21 07:19, succeeded
2024-06-21 19:16, succeeded
2024-06-22 07:19, succeeded
2024-06-22 19:17, succeeded
2024-06-23 07:18, succeeded
2024-06-23 19:16, succeeded
2024-06-24 07:20, succeeded
2024-06-24 19:18, succeeded
2024-06-25 07:18, succeeded
2024-06-25 19:17, succeeded
2024-06-26 07:18, succeeded
2024-06-26 19:16, succeeded
2024-06-27 07:18, succeeded
2024-06-27 19:17, succeeded
2024-06-28 07:19, succeeded
2024-06-28 19:16, succeeded
2024-06-29 07:20, succeeded
2024-06-29 19:15, succeeded
2024-06-30 07:18, succeeded
2024-06-30 19:16, succeeded
2024-07-01 07:19, succeeded
2024-07-01 19:17, succeeded
2024-07-02 07:20, succeeded
2024-07-02 19:17, succeeded
2024-07-03 07:18, succeeded
2024-07-03 19:15, succeeded
2024-07-04 07:20, succeeded
2024-07-04 19:17, succeeded
2024-07-05 07:18, succeeded
2024-07-05 19:16, succeeded
2024-07-06 07:18, succeeded
2024-07-06 19:15, succeeded
2024-07-07 07:18, succeeded
2024-07-07 19:16, succeeded
2024-07-08 07:20, succeeded
2024-07-08 19:16, succeeded
2024-07-09 07:18, succeeded
2024-07-09 19:17, succeeded
2024-07-10 07:20, succeeded
2024-07-10 19:20, succeeded
2024-07-11 07:20, succeeded
2024-07-11 19:16, succeeded
2024-07-12 07:20, succeeded
2024-07-12 19:16, succeeded
2024-07-13 07:18, succeeded
2024-07-13 19:16, succeeded
2024-07-14 07:21, succeeded
2024-07-14 19:17, succeeded
2024-07-15 07:19, succeeded
2024-07-15 19:19, succeeded
2024-07-16 07:19, succeeded
2024-07-16 19:17, succeeded
2024-07-17 07:20, succeeded
2024-07-17 19:15, succeeded
2024-07-18 07:20, succeeded
2024-07-18 19:17, succeeded
2024-07-19 07:20, succeeded
2024-07-19 19:17, succeeded
2024-07-20 07:18, succeeded
2024-07-20 19:15, succeeded
2024-07-21 07:17, succeeded
2024-07-21 19:15, succeeded
2024-07-22 07:20, succeeded
2024-07-22 19:17, succeeded
2024-07-23 07:19, succeeded
2024-07-23 19:16, succeeded
2024-07-24 07:19, succeeded
2024-07-24 19:16, succeeded
2024-07-25 19:16, succeeded
2024-07-26 07:18, succeeded
2024-07-26 19:18, succeeded
2024-07-27 07:19, succeeded
2024-07-27 19:16, succeeded
2024-07-28 07:18, succeeded
2024-07-28 19:15, succeeded
2024-07-29 07:20, succeeded
2024-07-29 19:16, succeeded
2024-07-30 07:19, succeeded
2024-07-30 19:17, succeeded
2024-07-31 07:16, succeeded
2024-07-31 19:16, succeeded
2024-08-01 07:19, succeeded
2024-08-01 19:16, succeeded
2024-08-02 07:20, succeeded
2024-08-02 19:16, succeeded
2024-08-03 07:17, succeeded
2024-08-03 19:16, succeeded
2024-08-04 07:18, succeeded
2024-08-04 19:16, succeeded
2024-08-05 07:10, succeeded
2024-08-05 19:10, succeeded
2024-08-06 07:10, succeeded
2024-08-06 19:09, succeeded
2024-08-07 07:10, succeeded
2024-08-07 19:10, succeeded
2024-08-08 07:10, succeeded
2024-08-08 19:09, succeeded
2024-08-09 07:10, succeeded
2024-08-09 19:10, succeeded
2024-08-10 07:10, succeeded
2024-08-10 19:09, succeeded
2024-08-11 07:10, succeeded
2024-08-11 19:10, succeeded
2024-08-12 07:10, succeeded
2024-08-12 19:10, succeeded
2024-08-13 07:10, succeeded
2024-08-13 19:10, succeeded
2024-08-14 07:10, succeeded
2024-08-14 19:10, succeeded
2024-08-15 07:10, succeeded
2024-08-15 19:10, succeeded
2024-08-16 07:10, succeeded
2024-08-16 19:10, succeeded
2024-08-17 07:10, succeeded
2024-08-17 19:10, succeeded
2024-08-18 07:10, succeeded
2024-08-18 19:10, succeeded
2024-08-19 07:10, succeeded
2024-08-19 19:10, succeeded
2024-08-20 07:10, succeeded
2024-08-20 19:09, succeeded
2024-08-21 07:10, succeeded
2024-08-21 19:10, succeeded
2024-08-22 07:10, succeeded
2024-08-22 19:10, succeeded
2024-08-23 07:10, succeeded
2024-08-23 19:10, succeeded
2024-08-24 07:10, succeeded
2024-08-24 19:09, succeeded
2024-08-25 07:10, succeeded
2024-08-25 19:10, succeeded
2024-08-26 07:10, succeeded
2024-08-26 19:10, succeeded
2024-08-27 07:10, succeeded
2024-08-27 19:10, succeeded
2024-08-28 07:10, succeeded
2024-08-28 19:10, succeeded
2024-08-29 07:10, succeeded
2024-08-29 19:10, succeeded
2024-08-30 07:10, succeeded
2024-08-30 19:10, succeeded
2024-08-31 07:10, succeeded
2024-08-31 19:09, succeeded
2024-09-01 07:10, succeeded
2024-09-01 19:10, succeeded
2024-09-02 07:11, succeeded
2024-09-02 19:10, succeeded
2024-09-03 07:10, succeeded
2024-09-03 19:10, succeeded
2024-09-04 07:10, succeeded
2024-09-04 19:10, succeeded
2024-09-05 07:10, succeeded
2024-09-05 19:10, succeeded
2024-09-06 07:10, succeeded
2024-09-06 19:10, succeeded
2024-09-07 07:10, succeeded
2024-09-07 19:10, succeeded
2024-09-08 07:10, succeeded
2024-09-08 19:10, succeeded
2024-09-09 07:10, succeeded
2024-09-09 19:10, succeeded
2024-09-10 07:11, succeeded
2024-09-10 19:10, succeeded
2024-09-11 07:10, succeeded
2024-09-11 19:10, succeeded
2024-09-12 07:10, succeeded
2024-09-12 19:10, succeeded
2024-09-13 07:10, succeeded
2024-09-13 19:10, succeeded
2024-09-14 07:10, succeeded
2024-09-14 19:10, succeeded
2024-09-15 07:10, succeeded
2024-09-15 19:09, succeeded
2024-09-16 07:10, succeeded
2024-09-16 19:10, succeeded
2024-09-17 07:10, succeeded
2024-09-17 19:10, succeeded
2024-09-18 07:10, succeeded
2024-09-18 19:10, succeeded
2024-09-19 07:10, succeeded
2024-09-19 19:10, succeeded
2024-09-21 07:10, succeeded
2024-09-21 19:10, succeeded
2024-09-22 07:10, succeeded
2024-09-22 19:10, succeeded
2024-09-23 07:10, succeeded
2024-09-23 19:10, succeeded
2024-09-24 07:10, succeeded
2024-09-24 19:10, succeeded
2024-09-25 07:10, succeeded
2024-09-25 19:09, succeeded
2024-09-26 07:10, succeeded
2024-09-26 19:10, succeeded
2024-09-27 07:10, succeeded
2024-09-27 19:10, succeeded
2024-09-28 07:10, succeeded
2024-09-28 19:10, succeeded
2024-09-29 07:10, succeeded
2024-09-29 19:09, succeeded
2024-09-30 07:10, succeeded
2024-09-30 19:10, succeeded
2024-10-01 07:10, succeeded
2024-10-01 19:10, succeeded
2024-10-02 07:10, succeeded
2024-10-02 19:10, succeeded
2024-10-03 07:10, succeeded
2024-10-03 19:10, succeeded
2024-10-04 07:10, succeeded
2024-10-04 19:10, succeeded
2024-10-05 07:10, succeeded
2024-10-05 19:10, succeeded
2024-10-06 07:10, succeeded
2024-10-06 19:10, succeeded
2024-10-07 07:10, succeeded
2024-10-07 19:10, succeeded
2024-10-08 07:10, succeeded
2024-10-08 19:09, succeeded
2024-10-09 07:10, succeeded
2024-10-09 19:10, succeeded
2024-10-10 07:10, succeeded
2024-10-10 19:10, succeeded
2024-10-11 07:10, succeeded
2024-10-11 19:10, succeeded
2024-10-12 07:10, succeeded
2024-10-12 19:09, succeeded
2024-10-13 07:10, succeeded
2024-10-13 19:10, succeeded
2024-10-14 07:11, succeeded
2024-10-14 19:10, succeeded
2024-10-15 07:11, succeeded
2024-10-15 19:10, succeeded
2024-10-16 07:10, succeeded
2024-10-16 19:10, succeeded
2024-10-17 07:10, succeeded
2024-10-17 19:10, succeeded
2024-10-18 07:10, succeeded
2024-10-18 19:10, succeeded
2024-10-19 07:10, succeeded
2024-10-19 19:10, succeeded
2024-10-20 07:10, succeeded
2024-10-20 19:10, succeeded
2024-10-21 07:11, succeeded
2024-10-21 19:10, succeeded
2024-10-22 07:10, succeeded
2024-10-22 19:10, succeeded
2024-10-23 07:10, succeeded
2024-10-23 19:10, succeeded
2024-10-24 07:10, succeeded
2024-10-24 19:10, succeeded
2024-10-25 07:10, succeeded
2024-10-25 19:10, succeeded
2024-10-26 07:10, succeeded
2024-10-26 19:10, succeeded
2024-10-27 07:10, succeeded
2024-10-27 19:10, succeeded
2024-10-28 07:10, succeeded
2024-10-28 19:10, succeeded
2024-10-29 07:11, failed
2024-10-29 19:10, failed
2024-10-30 07:10, succeeded
2024-10-30 19:10, succeeded
2024-10-31 07:10, succeeded
2024-10-31 19:10, succeeded
2024-11-01 07:10, succeeded
2024-11-01 19:10, succeeded
2024-11-02 07:10, succeeded
2024-11-02 19:10, succeeded
2024-11-03 07:10, succeeded
2024-11-03 19:10, succeeded
2024-11-04 07:10, succeeded
2024-11-04 19:10, succeeded
2024-11-05 07:10, succeeded
2024-11-05 19:10, succeeded
2024-11-06 07:10, succeeded
2024-11-06 19:11, succeeded
2024-11-07 07:10, succeeded
2024-11-07 19:10, succeeded
2024-11-08 07:10, succeeded
2024-11-08 19:10, succeeded
2024-11-09 07:10, succeeded
2024-11-09 19:09, succeeded
2024-11-10 07:10, succeeded
2024-11-10 19:10, succeeded
2024-11-11 07:11, succeeded
2024-11-11 19:10, succeeded
2024-11-12 07:10, succeeded
2024-11-12 19:10, succeeded
2024-11-13 07:10, succeeded
2024-11-13 19:10, succeeded
2024-11-14 07:10, succeeded
2024-11-14 19:10, succeeded
2024-11-15 07:10, succeeded
2024-11-15 19:10, succeeded
2024-11-16 07:10, succeeded
2024-11-16 19:10, succeeded
2024-11-17 07:10, succeeded
2024-11-17 19:10, succeeded
2024-11-18 07:11, succeeded
2024-11-18 19:10, succeeded
2024-11-19 07:11, succeeded
2024-11-19 19:10, succeeded
2024-11-20 07:10, succeeded
2024-11-20 19:10, succeeded
2024-11-21 07:10, succeeded
2024-11-21 19:10, succeeded
2024-11-22 07:10, succeeded
2024-11-22 19:11, succeeded
2024-11-23 07:10, succeeded
2024-11-23 19:10, succeeded
2024-11-24 07:11, succeeded
2024-11-24 19:10, succeeded
2024-11-25 07:11, succeeded
2024-11-25 19:10, succeeded
2024-11-26 07:10, succeeded
2024-11-26 19:10, succeeded
2024-11-27 07:10, succeeded
2024-11-27 19:10, succeeded
2024-11-28 07:11, succeeded
2024-11-28 19:10, succeeded
2024-11-29 07:10, succeeded
2024-11-29 19:10, succeeded
2024-11-30 07:10, succeeded
2024-11-30 19:10, succeeded
2024-12-01 07:10, succeeded
2024-12-01 19:10, succeeded
2024-12-02 07:11, succeeded
2024-12-02 19:10, succeeded
2024-12-03 07:10, succeeded
2024-12-03 19:10, succeeded
2024-12-04 07:11, succeeded
2024-12-04 19:11, succeeded
2024-12-05 07:10, succeeded
2024-12-05 19:10, succeeded
2024-12-06 19:10, succeeded
2024-12-07 07:10, succeeded
2024-12-07 19:10, succeeded
2024-12-08 07:10, succeeded
2024-12-08 19:10, succeeded
2024-12-09 07:11, succeeded
2024-12-09 19:10, succeeded
2024-12-10 07:11, succeeded
2024-12-10 19:10, succeeded
2024-12-11 07:10, succeeded
2024-12-11 19:10, succeeded
2024-12-12 07:11, succeeded
2024-12-12 19:10, succeeded
2024-12-13 07:10, succeeded
2024-12-13 19:10, succeeded
2024-12-14 07:10, succeeded
2024-12-14 19:10, succeeded
2024-12-15 07:10, succeeded
2024-12-15 19:10, succeeded
2024-12-16 07:11, succeeded
2024-12-16 19:10, succeeded
2024-12-17 07:10, succeeded
2024-12-17 19:10, succeeded
2024-12-18 07:10, succeeded
2024-12-18 19:10, succeeded
2024-12-19 07:10, succeeded
2024-12-19 19:10, succeeded
2024-12-20 07:10, succeeded
2024-12-20 19:10, succeeded
2024-12-21 07:10, succeeded
2024-12-21 19:10, succeeded
2024-12-22 07:10, succeeded
2024-12-22 19:10, succeeded
2024-12-23 07:10, succeeded
2024-12-23 19:10, succeeded
2024-12-24 07:10, succeeded
2024-12-24 19:10, succeeded
2024-12-25 07:10, succeeded
2024-12-25 19:10, succeeded
2024-12-26 07:10, succeeded
2024-12-26 19:10, succeeded
2024-12-27 07:10, succeeded
2024-12-27 19:10, succeeded
2024-12-28 07:10, succeeded
2024-12-28 19:09, succeeded
2024-12-29 07:10, succeeded
2024-12-29 19:10, succeeded
2024-12-30 07:11, succeeded
2024-12-30 19:10, succeeded
2024-12-31 07:10, succeeded
2024-12-31 19:10, succeeded
2025-01-01 07:10, succeeded
2025-01-01 19:10, succeeded
2025-01-02 07:10, succeeded
2025-01-02 19:10, succeeded
2025-01-03 07:10, succeeded
2025-01-03 19:10, succeeded
2025-01-04 07:10, succeeded
2025-01-04 19:10, succeeded
2025-01-05 07:10, succeeded
2025-01-05 19:09, succeeded
2025-01-06 07:10, succeeded
2025-01-06 19:10, succeeded
2025-01-07 07:10, succeeded
2025-01-07 19:10, succeeded
2025-01-08 07:10, succeeded
2025-01-08 19:10, succeeded
2025-01-09 07:22, succeeded
2025-01-09 19:10, succeeded
2025-01-10 07:10, succeeded
2025-01-10 19:10, succeeded
2025-01-11 07:10, succeeded
2025-01-11 19:10, succeeded
2025-01-12 07:10, succeeded
2025-01-12 19:10, succeeded
2025-01-13 07:10, succeeded
2025-01-13 19:10, succeeded
2025-01-14 07:10, succeeded
2025-01-14 19:10, succeeded
2025-01-15 07:10, succeeded
2025-01-15 19:10, succeeded
2025-01-16 07:10, succeeded
2025-01-16 19:10, succeeded
2025-01-17 07:10, succeeded
2025-01-17 19:10, succeeded
2025-01-18 07:10, succeeded
2025-01-18 19:10, succeeded
2025-01-20 07:10, succeeded
2025-01-20 19:10, succeeded
2025-01-21 07:10, succeeded
2025-01-21 19:10, succeeded
2025-01-22 07:10, succeeded
2025-01-22 19:10, succeeded
2025-01-23 07:10, succeeded
2025-01-24 07:10, succeeded
2025-01-24 19:10, succeeded
2025-01-25 07:10, succeeded
2025-01-25 19:09, succeeded
2025-01-26 07:10, succeeded
2025-01-26 19:10, succeeded
2025-01-27 07:10, succeeded
2025-01-27 19:10, succeeded
2025-01-28 07:10, succeeded
2025-01-28 19:10, succeeded
2025-01-29 07:10, succeeded
2025-01-29 19:10, succeeded
2025-01-30 07:10, succeeded
2025-01-30 19:10, succeeded
2025-01-31 07:10, succeeded
2025-01-31 19:10, succeeded
2025-02-01 07:10, succeeded
2025-02-01 19:09, succeeded
2025-02-02 07:10, succeeded
2025-02-02 19:10, succeeded
2025-02-03 07:11, succeeded
2025-02-03 19:10, succeeded
2025-02-04 07:10, succeeded
2025-02-04 19:10, succeeded
2025-02-05 07:10, succeeded
2025-02-05 19:10, succeeded
2025-02-06 07:10, succeeded
2025-02-06 19:10, succeeded
2025-02-07 07:10, succeeded
2025-02-07 19:10, succeeded
2025-02-08 07:10, succeeded
2025-02-08 19:10, succeeded
2025-02-09 07:10, succeeded
2025-02-09 19:10, succeeded
2025-02-10 07:10, succeeded
2025-02-10 19:10, succeeded
2025-02-11 07:10, succeeded
2025-02-11 19:10, succeeded
2025-02-12 07:10, succeeded
2025-02-12 19:10, succeeded
2025-02-13 07:10, succeeded
2025-02-13 19:10, succeeded
2025-02-14 07:10, succeeded
2025-02-14 19:10, succeeded
2025-02-15 07:10, succeeded
2025-02-15 19:10, succeeded
2025-02-16 07:10, succeeded
2025-02-16 19:10, succeeded
2025-02-17 07:10, succeeded
2025-02-17 19:10, succeeded
2025-02-18 07:10, succeeded
2025-02-18 19:10, succeeded
2025-02-19 07:10, succeeded
2025-02-19 19:10, succeeded
2025-02-20 07:11, succeeded
2025-02-20 19:10, succeeded
2025-02-21 07:10, succeeded
2025-02-21 19:10, succeeded
2025-02-22 07:10, succeeded
2025-02-22 19:10, succeeded
2025-02-23 07:10, succeeded
2025-02-23 19:10, succeeded
2025-02-24 07:10, succeeded
2025-02-24 19:10, succeeded
2025-02-25 07:11, succeeded
2025-02-25 19:10, succeeded
2025-02-26 07:10, succeeded
2025-02-26 19:10, succeeded
2025-02-27 07:10, succeeded
2025-02-27 19:10, succeeded
2025-02-28 07:10, succeeded
2025-02-28 19:10, succeeded
2025-03-01 07:10, succeeded
2025-03-01 19:10, succeeded
2025-03-02 07:10, succeeded
2025-03-02 19:10, succeeded
2025-03-03 07:11, succeeded
2025-03-03 19:10, succeeded
2025-03-04 07:11, succeeded
2025-03-04 19:10, succeeded
2025-03-05 07:11, succeeded
2025-03-05 19:10, succeeded
2025-03-06 07:11, succeeded
2025-03-06 19:10, succeeded
2025-03-07 07:10, succeeded
2025-03-07 19:10, succeeded
2025-03-08 07:10, succeeded
2025-03-08 19:10, succeeded
2025-03-09 07:10, succeeded
2025-03-09 19:09, succeeded
2025-03-10 07:11, succeeded
2025-03-10 19:10, succeeded
2025-03-11 07:11, succeeded
2025-03-11 19:10, succeeded
2025-03-12 07:11, succeeded
2025-03-12 19:10, succeeded
2025-03-13 07:11, succeeded
2025-03-13 19:10, succeeded
2025-03-14 07:10, succeeded
2025-03-14 19:10, succeeded
2025-03-15 07:10, succeeded
2025-03-15 19:10, succeeded
2025-03-16 07:11, succeeded
2025-03-16 19:10, succeeded
2025-03-17 07:10, failed
2025-03-17 19:11, succeeded
2025-03-18 07:11, succeeded
2025-03-18 19:10, failed
2025-03-19 07:10, failed
2025-03-19 19:10, succeeded
2025-03-20 07:11, succeeded
2025-03-20 19:10, succeeded
2025-03-21 07:11, succeeded
2025-03-21 19:11, succeeded
2025-03-22 07:10, succeeded
2025-03-22 19:10, succeeded
2025-03-23 07:10, succeeded
2025-03-23 19:10, succeeded
2025-03-24 07:11, succeeded
2025-03-24 19:10, succeeded
2025-03-25 07:11, succeeded
2025-03-25 19:10, succeeded
2025-03-26 07:11, succeeded
2025-03-26 19:10, succeeded
2025-03-27 07:11, succeeded
2025-03-27 19:10, succeeded
2025-03-28 07:11, succeeded
2025-03-28 19:10, succeeded
2025-03-29 07:10, succeeded
2025-03-29 19:10, succeeded
2025-03-30 07:11, succeeded
2025-03-30 19:10, succeeded
2025-03-31 07:11, succeeded
2025-03-31 19:11, succeeded
2025-04-01 07:11, succeeded
2025-04-01 19:11, succeeded
2025-04-02 07:11, succeeded
2025-04-02 19:10, succeeded
2025-04-03 07:11, succeeded
2025-04-03 19:10, succeeded
2025-04-04 07:11, succeeded
2025-04-04 19:10, succeeded
2025-04-05 07:10, succeeded
2025-04-05 19:10, succeeded
2025-04-06 07:10, succeeded
2025-04-06 19:10, succeeded
2025-04-07 07:11, succeeded
2025-04-07 19:10, succeeded
2025-04-08 07:11, succeeded
2025-04-08 19:10, succeeded
2025-04-09 07:11, succeeded
2025-04-09 19:10, succeeded
2025-04-10 07:11, succeeded
2025-04-10 19:10, succeeded
2025-04-11 07:11, succeeded
2025-04-11 19:10, succeeded
2025-04-12 07:10, succeeded
2025-04-12 19:10, succeeded
2025-04-13 07:11, succeeded
2025-04-13 19:10, succeeded
2025-04-14 07:11, succeeded
2025-04-14 19:11, succeeded
2025-04-15 07:11, succeeded
2025-04-15 19:10, succeeded
2025-04-16 07:11, succeeded
2025-04-16 19:10, succeeded
2025-04-17 07:11, succeeded
2025-04-17 19:10, succeeded
2025-04-18 07:11, succeeded
2025-04-18 19:11, failed
2025-04-19 07:10, succeeded
2025-04-19 19:11, succeeded
2025-04-20 07:11, succeeded
2025-04-20 19:10, succeeded
2025-04-21 07:11, succeeded
2025-04-21 19:10, succeeded
2025-04-22 07:11, succeeded
2025-04-22 19:10, succeeded
2025-04-23 19:10, succeeded
2025-04-24 07:11, succeeded
2025-04-24 19:10, succeeded
2025-04-25 07:11, succeeded
2025-04-25 19:10, succeeded
2025-04-26 07:10, succeeded
2025-04-26 19:11, succeeded
2025-04-27 07:10, succeeded
2025-04-27 19:10, succeeded
2025-04-28 07:25, succeeded
2025-04-28 19:10, succeeded
2025-04-29 07:11, succeeded
2025-04-29 19:10, succeeded
2025-04-30 07:11, succeeded
2025-04-30 19:10, succeeded
2025-05-01 07:11, succeeded
2025-05-01 19:10, succeeded
2025-05-02 07:11, succeeded
2025-05-02 19:10, succeeded
2025-05-03 07:10, succeeded
2025-05-03 19:10, succeeded
2025-05-04 07:10, succeeded
2025-05-04 19:10, succeeded
2025-05-05 07:11, succeeded
2025-05-05 19:10, succeeded
2025-05-06 07:11, succeeded
2025-05-06 19:10, succeeded
2025-05-07 07:11, succeeded
2025-05-07 19:11, failed
2025-05-08 07:11, succeeded
2025-05-08 19:10, succeeded
2025-05-09 07:11, succeeded
2025-05-09 19:10, succeeded
2025-05-10 07:10, succeeded
2025-05-10 19:10, succeeded
2025-05-11 07:11, succeeded
2025-05-11 19:10, succeeded
2025-05-12 07:11, succeeded
2025-05-12 19:10, succeeded
2025-05-13 07:12, succeeded
2025-05-13 19:10, succeeded
2025-05-14 07:11, succeeded
2025-05-14 19:10, succeeded
2025-05-15 07:11, succeeded
2025-05-15 19:10, succeeded
2025-05-16 07:11, succeeded
2025-05-16 19:10, succeeded
2025-05-17 07:11, succeeded
2025-05-17 19:10, succeeded
2025-05-18 07:10, succeeded
2025-05-18 19:10, succeeded
2025-05-19 07:11, succeeded
2025-05-19 19:10, succeeded
2025-05-20 07:11, succeeded
2025-05-20 19:10, succeeded
2025-05-21 07:11, succeeded
2025-05-21 19:10, succeeded
2025-05-22 07:12, failed
2025-05-22 19:10, succeeded
2025-05-23 07:11, succeeded
2025-05-23 19:10, succeeded
2025-05-24 07:11, succeeded
2025-05-24 19:10, succeeded
2025-05-25 07:10, succeeded
2025-05-25 19:10, succeeded
2025-05-26 19:10, succeeded
2025-05-27 07:11, succeeded
2025-05-27 19:10, succeeded
2025-05-28 07:11, succeeded
2025-05-28 19:10, succeeded
2025-05-29 07:11, succeeded
2025-05-29 19:10, succeeded
2025-05-30 07:11, succeeded
2025-05-30 19:10, succeeded
2025-05-31 07:10, succeeded
2025-05-31 19:10, succeeded
2025-06-01 07:11, succeeded
2025-06-01 19:11, failed
2025-06-02 07:11, succeeded
2025-06-02 19:10, succeeded
2025-06-03 07:11, succeeded
2025-06-03 19:10, succeeded
2025-06-04 07:11, succeeded
2025-06-04 19:10, succeeded
2025-06-05 07:11, succeeded
2025-06-05 19:11, succeeded
2025-06-06 07:11, succeeded
2025-06-06 19:10, succeeded
2025-06-07 07:10, succeeded
2025-06-07 19:10, succeeded
2025-06-08 07:11, succeeded
2025-06-08 19:10, succeeded
2025-06-09 07:11, succeeded
2025-06-09 19:11, failed
2025-06-10 07:11, succeeded
2025-06-10 19:10, succeeded
2025-06-11 07:11, succeeded
2025-06-11 19:10, succeeded
2025-06-12 07:11, succeeded
2025-06-13 07:11, succeeded
2025-06-13 19:10, succeeded
2025-06-14 07:11, succeeded
2025-06-14 19:10, succeeded
2025-06-15 07:11, succeeded
2025-06-15 19:10, succeeded
2025-06-16 07:11, succeeded
2025-06-16 19:10, succeeded
2025-06-17 07:11, succeeded
2025-06-17 19:10, succeeded
2025-06-18 07:11, succeeded
2025-06-18 19:10, succeeded
2025-06-19 07:11, succeeded
2025-06-19 19:10, succeeded
2025-06-20 07:11, succeeded
2025-06-20 19:10, succeeded
2025-06-21 07:10, succeeded
2025-06-21 19:10, succeeded
2025-06-22 07:11, succeeded
2025-06-22 19:10, succeeded
2025-06-23 07:11, succeeded
2025-06-23 19:10, succeeded
2025-06-24 07:11, succeeded
2025-06-24 19:10, succeeded
2025-06-25 07:11, succeeded
2025-06-25 19:10, succeeded
2025-06-26 07:11, succeeded
2025-06-26 19:10, succeeded
2025-06-27 07:11, succeeded
2025-06-27 19:10, succeeded
2025-06-28 07:11, succeeded
2025-06-28 19:10, succeeded
2025-06-29 07:11, succeeded
2025-06-29 19:10, succeeded
2025-06-30 07:11, succeeded
2025-06-30 19:10, succeeded
2025-07-01 07:11, succeeded
2025-07-01 19:10, succeeded
2025-07-02 07:11, succeeded
2025-07-02 19:10, succeeded
2025-07-03 07:11, succeeded
2025-07-03 19:10, succeeded
2025-07-04 07:11, succeeded
2025-07-04 19:11, succeeded
2025-07-05 07:11, succeeded
2025-07-05 19:10, succeeded
2025-07-06 07:11, succeeded
2025-07-06 19:12, failed
2025-07-07 07:11, succeeded
2025-07-07 19:11, succeeded
2025-07-08 07:11, succeeded
2025-07-08 19:10, succeeded
2025-07-09 07:11, succeeded
2025-07-09 19:10, succeeded
2025-07-10 07:11, succeeded
2025-07-10 19:10, succeeded
2025-07-11 07:11, succeeded
2025-07-11 19:10, succeeded
2025-07-12 07:11, succeeded
2025-07-12 19:10, succeeded
2025-07-13 07:11, succeeded
2025-07-13 19:10, succeeded
2025-07-14 07:12, succeeded
2025-07-14 19:11, succeeded
2025-07-15 07:12, succeeded
2025-07-15 19:11, succeeded
2025-07-16 07:11, succeeded
2025-07-16 19:11, succeeded
2025-07-17 07:12, succeeded
2025-07-17 19:12, failed
2025-07-18 07:12, succeeded
2025-07-18 19:11, succeeded
2025-07-19 07:11, succeeded
2025-07-19 19:10, succeeded
2025-07-20 07:11, succeeded
2025-07-20 19:11, failed
2025-07-21 07:14, succeeded
2025-07-21 19:11, succeeded
2025-07-22 07:12, succeeded
2025-07-22 19:11, succeeded
2025-07-23 07:13, succeeded
2025-07-23 19:11, succeeded
2025-07-24 07:12, succeeded
2025-07-24 19:11, succeeded
2025-07-25 07:12, succeeded
2025-07-25 19:11, succeeded
2025-07-26 07:11, succeeded
2025-07-26 19:10, succeeded
2025-07-27 07:11, succeeded
2025-07-27 19:10, succeeded
2025-07-28 07:13, succeeded
2025-07-28 19:11, succeeded
2025-07-29 07:12, succeeded
2025-07-29 19:12, succeeded
2025-07-30 07:13, succeeded
2025-07-30 19:11, succeeded
2025-07-31 07:13, succeeded
2025-07-31 19:11, succeeded
2025-08-01 07:14, succeeded
2025-08-01 19:11, succeeded
2025-08-02 07:11, succeeded
2025-08-02 19:10, succeeded
2025-08-03 07:11, succeeded
2025-08-03 19:10, succeeded
2025-08-04 07:16, succeeded
2025-08-04 19:12, succeeded
2025-08-05 07:14, succeeded
2025-08-05 19:12, succeeded
2025-08-06 07:13, succeeded
2025-08-06 19:11, succeeded
2025-08-07 07:13, succeeded
2025-08-07 19:12, succeeded
2025-08-08 07:13, succeeded
2025-08-08 19:10, succeeded
2025-08-09 07:11, succeeded
2025-08-09 19:10, succeeded
2025-08-10 07:11, succeeded
2025-08-10 19:10, succeeded
2025-08-11 07:13, succeeded
2025-08-11 19:11, succeeded
2025-08-12 07:11, succeeded
2025-08-12 19:11, succeeded
2025-08-13 07:11, succeeded
2025-08-13 19:10, succeeded
2025-08-14 07:11, succeeded
2025-08-14 19:12, failed
2025-08-15 07:11, succeeded
2025-08-15 19:11, succeeded
2025-08-16 07:10, succeeded
2025-08-16 19:10, succeeded
2025-08-17 07:11, succeeded
2025-08-17 19:10, succeeded
2025-08-18 07:12, succeeded
2025-08-18 19:11, succeeded
2025-08-19 07:11, succeeded
2025-08-19 19:10, succeeded
2025-08-20 07:11, succeeded
2025-08-20 19:10, succeeded
2025-08-21 07:12, succeeded
2025-08-21 19:10, succeeded
2025-08-22 07:11, succeeded
2025-08-22 19:11, succeeded
2025-08-23 07:10, succeeded
2025-08-23 19:10, succeeded
2025-08-24 07:10, succeeded
2025-08-24 19:10, succeeded
2025-08-25 07:11, succeeded
2025-08-25 19:11, failed
2025-08-26 07:11, succeeded
2025-08-26 19:10, succeeded
2025-08-27 07:11, succeeded
2025-08-27 19:10, succeeded
2025-08-28 07:11, succeeded
2025-08-28 19:10, succeeded
2025-08-29 07:11, succeeded
2025-08-29 19:10, succeeded
2025-08-30 07:10, succeeded
2025-08-30 19:10, succeeded
2025-08-31 07:10, succeeded
2025-08-31 19:10, succeeded
2025-09-01 07:11, succeeded
2025-09-01 19:10, succeeded
2025-09-02 07:11, succeeded
2025-09-02 19:10, succeeded
2025-09-03 07:11, succeeded
2025-09-03 19:10, succeeded
2025-09-04 07:11, succeeded
2025-09-04 19:10, succeeded
2025-09-05 07:11, succeeded
2025-09-05 19:10, succeeded
2025-09-06 07:10, succeeded
2025-09-06 19:10, succeeded
2025-09-07 07:10, succeeded
2025-09-07 19:10, succeeded
2025-09-08 07:11, succeeded
2025-09-08 19:10, succeeded
2025-09-09 07:11, succeeded
2025-09-09 19:10, succeeded
2025-09-10 07:11, succeeded
2025-09-10 19:10, succeeded
2025-09-11 07:11, succeeded
2025-09-11 19:10, succeeded
2025-09-12 07:11, succeeded
2025-09-12 19:10, succeeded
2025-09-13 07:10, succeeded
2025-09-13 19:10, succeeded
2025-09-14 07:10, succeeded
2025-09-14 19:10, succeeded
2025-09-15 07:11, succeeded
2025-09-15 19:10, succeeded
2025-09-16 07:11, succeeded
2025-09-16 19:10, succeeded
2025-09-17 07:11, succeeded
2025-09-17 19:10, succeeded
2025-09-18 07:11, succeeded
2025-09-18 19:10, succeeded
2025-09-19 07:11, succeeded
2025-09-19 19:10, succeeded
2025-09-20 07:10, succeeded
2025-09-20 19:10, succeeded
2025-09-21 07:10, succeeded
2025-09-21 19:11, succeeded
2025-09-22 07:11, succeeded
2025-09-22 19:11, succeeded
2025-09-23 07:11, succeeded
2025-09-23 19:10, succeeded
2025-09-24 07:11, succeeded
2025-09-24 19:10, succeeded
2025-09-25 07:11, succeeded
2025-09-25 19:10, succeeded
2025-09-26 07:11, succeeded
2025-09-26 19:10, succeeded
2025-09-27 07:10, succeeded
2025-09-27 19:10, succeeded
2025-09-28 07:10, succeeded
2025-09-28 19:10, succeeded
2025-09-29 07:11, succeeded
2025-09-29 19:10, succeeded
2025-09-30 07:12, succeeded
2025-09-30 19:10, succeeded
2025-10-01 07:11, succeeded
2025-10-01 19:10, succeeded
2025-10-02 07:10, succeeded
2025-10-03 19:11, failed
2025-10-04 07:10, succeeded
2025-10-04 19:10, succeeded
2025-10-05 07:10, succeeded
2025-10-05 19:10, succeeded
2025-10-06 07:11, succeeded
2025-10-06 19:10, succeeded
2025-10-07 07:11, succeeded
2025-10-07 19:10, succeeded
2025-10-08 07:11, succeeded
2025-10-08 19:12, failed
2025-10-09 07:11, succeeded
2025-10-09 19:11, failed
2025-10-10 07:11, succeeded
2025-10-10 19:10, succeeded
2025-10-11 07:10, succeeded
2025-10-11 19:10, succeeded
2025-10-12 07:10, succeeded
2025-10-12 19:10, succeeded
2025-10-13 07:11, succeeded
2025-10-13 19:11, failed
2025-10-14 07:11, succeeded
2025-10-14 19:10, succeeded
2025-10-15 07:11, succeeded
2025-10-15 19:10, succeeded
2025-10-16 07:11, succeeded
2025-10-16 19:11, succeeded
2025-10-17 07:11, succeeded
2025-10-17 19:10, succeeded
2025-10-18 07:10, succeeded
2025-10-18 19:10, succeeded
2025-10-19 07:11, succeeded
