2022-01-10 09:47, succeeded
2022-01-10 21:44, succeeded
2022-01-11 09:47, succeeded
2022-01-11 21:45, succeeded
2022-01-12 09:46, succeeded
2022-01-12 21:44, succeeded
2022-01-13 09:47, succeeded
2022-01-13 21:44, succeeded
2022-01-14 09:47, succeeded
2022-01-14 21:44, succeeded
2022-01-15 09:46, succeeded
2022-01-15 21:44, succeeded
2022-01-16 09:46, succeeded
2022-01-16 21:44, succeeded
2022-01-17 09:47, succeeded
2022-01-17 21:44, succeeded
2022-01-18 09:47, succeeded
2022-01-18 22:05, succeeded
2022-01-19 09:44, succeeded
2022-01-19 21:44, succeeded
2022-01-20 09:47, succeeded
