2024-10-21 05:13, succeeded
2024-10-21 17:12, succeeded
2024-10-22 05:12, succeeded
2024-10-22 17:12, succeeded
2024-10-23 05:12, succeeded
2024-10-23 17:12, succeeded
2024-10-24 05:12, succeeded
2024-10-24 17:12, succeeded
2024-10-25 05:12, succeeded
2024-10-25 17:12, succeeded
2024-10-26 05:12, succeeded
2024-10-26 17:12, succeeded
2024-10-27 05:12, succeeded
2024-10-27 17:12, succeeded
2024-10-28 05:13, failed
2024-10-28 17:12, succeeded
2024-10-29 05:12, succeeded
2024-10-29 17:12, failed
2024-10-30 05:12, failed
2024-10-30 17:12, succeeded
2024-10-31 05:12, succeeded
2024-10-31 17:12, succeeded
2024-11-01 05:12, succeeded
2024-11-01 17:12, succeeded
2024-11-02 05:12, succeeded
2024-11-02 17:12, succeeded
2024-11-03 05:12, succeeded
2024-11-03 17:12, succeeded
2024-11-04 05:12, succeeded
2024-11-04 17:12, succeeded
2024-11-05 05:12, succeeded
2024-11-05 17:12, succeeded
2024-11-06 05:12, succeeded
2024-11-06 17:12, succeeded
2024-11-07 05:12, succeeded
2024-11-07 17:13, succeeded
2024-11-08 05:12, succeeded
2024-11-08 17:12, succeeded
2024-11-09 05:12, succeeded
2024-11-09 17:11, succeeded
2024-11-10 05:12, succeeded
2024-11-10 17:12, succeeded
2024-11-11 05:12, succeeded
2024-11-11 17:12, succeeded
2024-11-12 05:12, succeeded
2024-11-12 17:12, succeeded
2024-11-13 05:12, succeeded
2024-11-13 17:12, succeeded
2024-11-14 05:12, succeeded
2024-11-14 17:12, succeeded
2024-11-15 05:13, succeeded
2024-11-15 17:12, succeeded
2024-11-16 05:13, succeeded
2024-11-16 17:12, succeeded
2024-11-17 05:12, succeeded
2024-11-17 17:12, succeeded
2024-11-18 05:13, succeeded
2024-11-18 17:12, succeeded
2024-11-19 05:12, succeeded
2024-11-19 17:12, succeeded
2024-11-20 05:12, succeeded
2024-11-20 17:12, succeeded
2024-11-21 05:12, succeeded
2024-11-21 17:12, succeeded
2024-11-22 05:12, succeeded
2024-11-22 17:13, succeeded
2024-11-23 05:13, succeeded
2024-11-23 17:12, succeeded
2024-11-24 05:12, succeeded
2024-11-24 17:12, succeeded
2024-11-25 05:13, succeeded
2024-11-25 17:12, succeeded
2024-11-26 05:13, succeeded
2024-11-26 17:12, succeeded
2024-11-27 05:12, succeeded
2024-11-27 17:12, succeeded
2024-11-28 05:12, succeeded
2024-11-28 17:12, succeeded
2024-11-29 05:13, succeeded
2024-11-29 17:12, succeeded
2024-11-30 05:12, succeeded
2024-11-30 17:12, succeeded
2024-12-01 05:12, succeeded
2024-12-01 17:12, succeeded
2024-12-02 05:13, succeeded
2024-12-02 17:12, succeeded
2024-12-03 05:12, succeeded
2024-12-03 17:12, succeeded
2024-12-04 05:12, succeeded
2024-12-04 17:12, succeeded
2024-12-05 05:12, succeeded
2024-12-05 17:12, succeeded
2024-12-06 17:12, succeeded
2024-12-07 05:12, succeeded
2024-12-07 17:12, succeeded
2024-12-08 05:12, succeeded
2024-12-08 17:12, succeeded
2024-12-09 05:13, succeeded
2024-12-09 17:12, succeeded
2024-12-10 05:13, succeeded
2024-12-10 17:12, succeeded
2024-12-11 05:13, succeeded
2024-12-11 17:12, succeeded
2024-12-12 05:12, succeeded
2024-12-12 17:12, succeeded
2024-12-13 05:12, succeeded
2024-12-13 17:12, succeeded
2024-12-14 05:12, succeeded
2024-12-14 17:12, succeeded
2024-12-15 05:12, succeeded
2024-12-15 17:12, succeeded
2024-12-16 05:12, succeeded
2024-12-16 17:12, succeeded
2024-12-17 05:12, succeeded
2024-12-17 17:12, succeeded
2024-12-18 05:12, succeeded
2024-12-18 17:12, succeeded
2024-12-19 05:12, succeeded
2024-12-19 17:12, succeeded
2024-12-20 05:12, succeeded
2024-12-20 17:12, succeeded
2024-12-21 05:12, succeeded
2024-12-21 17:12, succeeded
2024-12-22 05:12, succeeded
2024-12-22 17:12, succeeded
2024-12-23 05:12, succeeded
2024-12-23 17:12, succeeded
2024-12-24 05:12, succeeded
2024-12-24 17:12, succeeded
2024-12-25 05:12, succeeded
2024-12-25 17:12, succeeded
2024-12-26 05:12, succeeded
2024-12-26 17:12, succeeded
2024-12-27 05:12, succeeded
2024-12-27 17:12, succeeded
2024-12-28 05:12, succeeded
2024-12-28 17:12, succeeded
2024-12-29 05:12, succeeded
2024-12-29 17:12, succeeded
2024-12-30 05:12, succeeded
2024-12-30 17:12, succeeded
2024-12-31 05:12, succeeded
2024-12-31 17:12, succeeded
2025-01-01 05:12, succeeded
2025-01-01 17:12, succeeded
2025-01-02 05:12, succeeded
2025-01-02 17:12, succeeded
2025-01-03 05:12, succeeded
2025-01-03 17:12, succeeded
2025-01-04 05:12, succeeded
2025-01-04 17:12, succeeded
2025-01-05 05:12, succeeded
2025-01-05 17:12, succeeded
2025-01-06 05:12, succeeded
2025-01-06 17:12, succeeded
2025-01-07 05:12, succeeded
2025-01-07 17:12, succeeded
2025-01-08 05:12, succeeded
2025-01-08 17:12, succeeded
2025-01-09 05:12, succeeded
2025-01-09 17:12, succeeded
2025-01-10 05:12, succeeded
2025-01-10 17:12, succeeded
2025-01-11 05:12, succeeded
2025-01-11 17:12, succeeded
2025-01-12 05:12, succeeded
2025-01-12 17:12, succeeded
2025-01-13 05:12, succeeded
2025-01-13 17:12, succeeded
2025-01-14 05:12, succeeded
2025-01-14 17:12, succeeded
2025-01-15 05:12, succeeded
2025-01-15 17:12, succeeded
2025-01-16 05:12, succeeded
2025-01-16 17:12, succeeded
2025-01-17 05:12, succeeded
2025-01-17 17:12, succeeded
2025-01-18 05:12, succeeded
2025-01-18 17:11, succeeded
2025-01-20 05:12, succeeded
2025-01-20 17:12, succeeded
2025-01-21 05:12, succeeded
2025-01-21 17:12, succeeded
2025-01-22 05:12, succeeded
2025-01-22 17:12, succeeded
2025-01-23 05:12, succeeded
2025-01-24 05:12, succeeded
2025-01-24 17:12, succeeded
2025-01-25 05:12, succeeded
2025-01-25 17:12, succeeded
2025-01-26 05:12, succeeded
2025-01-26 17:12, succeeded
2025-01-27 05:12, succeeded
2025-01-27 17:12, succeeded
2025-01-28 05:12, succeeded
2025-01-28 17:12, succeeded
2025-01-29 05:12, succeeded
2025-01-29 17:12, succeeded
2025-01-30 05:12, succeeded
2025-01-30 17:12, succeeded
2025-01-31 05:12, succeeded
2025-01-31 17:12, succeeded
2025-02-01 05:12, succeeded
2025-02-01 17:12, succeeded
2025-02-02 05:12, succeeded
2025-02-02 17:12, succeeded
2025-02-03 05:12, succeeded
2025-02-03 17:12, succeeded
2025-02-04 05:12, succeeded
2025-02-04 17:12, succeeded
2025-02-05 05:12, succeeded
2025-02-05 17:12, succeeded
2025-02-06 05:12, succeeded
2025-02-06 17:12, succeeded
2025-02-07 05:12, succeeded
2025-02-07 17:12, succeeded
2025-02-08 05:12, succeeded
2025-02-08 17:12, succeeded
2025-02-09 05:12, succeeded
2025-02-09 17:12, succeeded
2025-02-10 05:12, succeeded
2025-02-10 17:12, succeeded
2025-02-11 05:12, succeeded
2025-02-11 17:12, succeeded
2025-02-12 05:12, succeeded
2025-02-12 17:12, succeeded
2025-02-13 05:12, succeeded
2025-02-13 17:11, succeeded
2025-02-14 05:12, succeeded
2025-02-14 17:12, succeeded
2025-02-15 05:12, succeeded
2025-02-15 17:12, succeeded
2025-02-16 05:12, succeeded
2025-02-16 17:12, succeeded
2025-02-17 05:12, succeeded
2025-02-17 17:12, succeeded
2025-02-18 05:12, succeeded
2025-02-18 17:12, succeeded
2025-02-19 05:12, succeeded
2025-02-19 17:12, succeeded
2025-02-20 05:12, succeeded
2025-02-20 17:12, succeeded
2025-02-21 05:12, succeeded
2025-02-21 17:12, succeeded
2025-02-22 05:12, succeeded
2025-02-22 17:12, succeeded
2025-02-23 05:12, succeeded
2025-02-23 17:12, succeeded
2025-02-24 05:13, succeeded
2025-02-24 17:12, succeeded
2025-02-25 05:12, succeeded
2025-02-25 17:13, succeeded
2025-02-26 05:12, succeeded
2025-02-26 17:12, succeeded
2025-02-27 05:12, succeeded
2025-02-27 17:12, succeeded
2025-02-28 05:12, succeeded
2025-02-28 17:12, succeeded
2025-03-01 05:12, succeeded
2025-03-01 17:12, succeeded
2025-03-02 05:12, succeeded
2025-03-02 17:12, succeeded
2025-03-03 05:12, succeeded
2025-03-03 17:12, succeeded
2025-03-04 05:12, succeeded
2025-03-04 17:12, succeeded
2025-03-05 05:12, succeeded
2025-03-05 17:12, succeeded
2025-03-06 05:12, succeeded
2025-03-06 17:12, succeeded
2025-03-07 05:12, succeeded
2025-03-07 17:12, succeeded
2025-03-08 05:12, succeeded
2025-03-08 17:12, succeeded
2025-03-09 05:12, succeeded
2025-03-09 17:11, succeeded
2025-03-10 05:12, succeeded
2025-03-10 17:12, succeeded
2025-03-11 05:13, succeeded
2025-03-11 17:13, succeeded
2025-03-12 05:12, succeeded
2025-03-12 17:13, succeeded
2025-03-13 05:12, succeeded
2025-03-13 17:12, succeeded
2025-03-14 05:12, succeeded
2025-03-14 17:12, succeeded
2025-03-15 05:12, succeeded
2025-03-15 17:12, succeeded
2025-03-16 05:12, succeeded
2025-03-16 17:13, succeeded
2025-03-17 05:13, failed
2025-03-17 17:12, succeeded
2025-03-18 05:13, succeeded
2025-03-18 17:12, failed
2025-03-19 05:12, failed
2025-03-19 17:12, succeeded
2025-03-20 05:12, succeeded
2025-03-20 17:12, succeeded
2025-03-21 05:12, succeeded
2025-03-21 17:12, succeeded
2025-03-22 05:12, succeeded
2025-03-22 17:12, succeeded
2025-03-23 05:12, succeeded
2025-03-23 17:12, succeeded
2025-03-24 05:13, succeeded
2025-03-24 17:12, succeeded
2025-03-25 05:13, succeeded
2025-03-25 17:12, succeeded
2025-03-26 05:12, succeeded
2025-03-26 17:12, succeeded
2025-03-27 05:13, succeeded
2025-03-27 17:12, succeeded
2025-03-28 05:13, succeeded
2025-03-28 17:13, succeeded
2025-03-29 05:12, succeeded
2025-03-29 17:12, succeeded
2025-03-30 05:12, succeeded
2025-03-30 17:12, succeeded
2025-03-31 05:13, succeeded
2025-03-31 17:12, succeeded
2025-04-01 05:13, succeeded
2025-04-01 17:13, succeeded
2025-04-02 05:13, succeeded
2025-04-02 17:12, succeeded
2025-04-03 05:13, succeeded
2025-04-03 17:12, succeeded
2025-04-04 05:13, succeeded
2025-04-04 17:12, succeeded
2025-04-05 05:13, succeeded
2025-04-05 17:12, succeeded
2025-04-06 05:12, succeeded
2025-04-06 17:12, succeeded
2025-04-07 05:13, succeeded
2025-04-07 17:13, succeeded
2025-04-08 05:13, succeeded
2025-04-08 17:13, succeeded
2025-04-09 05:13, succeeded
2025-04-09 17:12, succeeded
2025-04-10 05:13, succeeded
2025-04-10 17:13, succeeded
2025-04-11 05:13, succeeded
2025-04-11 17:12, succeeded
2025-04-12 05:12, succeeded
2025-04-12 17:12, succeeded
2025-04-13 05:15, succeeded
2025-04-13 17:12, succeeded
2025-04-14 05:13, succeeded
2025-04-14 17:13, succeeded
2025-04-15 05:13, succeeded
2025-04-15 17:13, succeeded
2025-04-16 05:13, succeeded
2025-04-16 17:12, succeeded
2025-04-17 05:13, succeeded
2025-04-17 17:13, succeeded
2025-04-18 05:13, succeeded
2025-04-18 17:12, succeeded
2025-04-19 05:12, succeeded
2025-04-19 17:12, succeeded
2025-04-20 05:12, succeeded
2025-04-20 17:12, succeeded
2025-04-21 05:13, succeeded
2025-04-21 17:13, succeeded
2025-04-22 05:13, succeeded
2025-04-22 17:12, succeeded
2025-04-23 05:13, succeeded
2025-04-23 17:13, succeeded
2025-04-24 05:13, succeeded
2025-04-24 17:13, succeeded
2025-04-25 05:13, succeeded
2025-04-25 17:12, succeeded
2025-04-26 05:12, succeeded
2025-04-26 17:12, succeeded
2025-04-27 05:12, succeeded
2025-04-27 17:13, succeeded
2025-04-28 05:14, succeeded
2025-04-28 17:13, succeeded
2025-04-29 05:13, succeeded
2025-04-29 17:12, succeeded
2025-04-30 05:13, succeeded
2025-04-30 17:13, succeeded
2025-05-01 05:13, succeeded
2025-05-01 17:13, succeeded
2025-05-02 05:13, succeeded
2025-05-02 17:12, succeeded
2025-05-03 05:12, succeeded
2025-05-03 17:12, succeeded
2025-05-04 05:13, succeeded
2025-05-04 17:12, succeeded
2025-05-05 05:13, succeeded
2025-05-05 17:12, succeeded
2025-05-06 05:13, succeeded
2025-05-06 17:12, succeeded
2025-05-07 05:13, succeeded
2025-05-07 17:12, succeeded
2025-05-08 05:13, succeeded
2025-05-08 17:12, succeeded
2025-05-09 05:13, succeeded
2025-05-09 17:12, succeeded
2025-05-10 05:12, succeeded
2025-05-10 17:12, succeeded
2025-05-11 05:12, succeeded
2025-05-11 17:12, succeeded
2025-05-12 05:13, succeeded
2025-05-12 17:13, succeeded
2025-05-13 05:13, succeeded
2025-05-13 17:12, succeeded
2025-05-14 05:13, succeeded
2025-05-14 17:12, succeeded
2025-05-15 05:13, succeeded
2025-05-15 17:13, succeeded
2025-05-16 05:13, succeeded
2025-05-16 17:12, succeeded
2025-05-17 05:12, succeeded
2025-05-17 17:12, succeeded
2025-05-18 05:13, succeeded
2025-05-18 17:12, succeeded
2025-05-19 05:13, succeeded
2025-05-19 17:12, succeeded
2025-05-20 05:13, succeeded
2025-05-20 17:12, succeeded
2025-05-21 05:13, succeeded
2025-05-21 17:13, succeeded
2025-05-22 05:13, succeeded
2025-05-22 17:13, succeeded
2025-05-23 05:13, succeeded
2025-05-23 17:12, succeeded
2025-05-24 05:12, succeeded
2025-05-24 17:12, succeeded
2025-05-25 05:12, succeeded
2025-05-25 17:12, succeeded
2025-05-26 05:13, succeeded
2025-05-26 17:12, succeeded
2025-05-27 05:13, succeeded
2025-05-27 17:13, succeeded
2025-05-28 05:13, succeeded
2025-05-28 17:13, succeeded
2025-05-29 05:13, succeeded
2025-05-29 17:13, succeeded
2025-05-30 05:13, succeeded
2025-05-30 17:12, succeeded
2025-05-31 05:13, succeeded
2025-05-31 17:12, succeeded
2025-06-01 05:13, succeeded
2025-06-01 17:12, succeeded
2025-06-02 05:13, succeeded
2025-06-02 17:13, succeeded
2025-06-03 05:13, succeeded
2025-06-03 17:13, succeeded
2025-06-04 05:13, succeeded
2025-06-04 17:13, succeeded
2025-06-05 05:13, succeeded
2025-06-05 17:12, succeeded
2025-06-06 05:13, succeeded
2025-06-06 17:13, succeeded
2025-06-07 05:13, succeeded
2025-06-07 17:12, succeeded
2025-06-08 05:13, succeeded
2025-06-08 17:12, succeeded
2025-06-09 05:13, succeeded
2025-06-09 17:12, succeeded
2025-06-10 05:13, succeeded
2025-06-10 17:13, succeeded
2025-06-11 05:13, succeeded
2025-06-11 17:13, succeeded
2025-06-12 05:13, succeeded
2025-06-12 17:13, succeeded
2025-06-13 05:13, failed
2025-06-13 17:12, succeeded
2025-06-14 05:13, succeeded
2025-06-14 17:13, succeeded
2025-06-15 05:13, succeeded
2025-06-15 17:12, succeeded
2025-06-16 05:13, succeeded
2025-06-16 17:13, succeeded
2025-06-17 05:13, succeeded
2025-06-17 17:13, succeeded
2025-06-18 05:13, succeeded
2025-06-18 17:13, succeeded
2025-06-19 05:13, succeeded
2025-06-19 17:12, succeeded
2025-06-20 05:13, succeeded
2025-06-20 17:13, succeeded
2025-06-21 05:13, succeeded
2025-06-21 17:12, succeeded
2025-06-22 05:13, succeeded
2025-06-22 17:12, succeeded
2025-06-23 05:13, succeeded
2025-06-23 17:13, succeeded
2025-06-24 05:13, succeeded
2025-06-24 17:13, succeeded
2025-06-25 05:13, succeeded
2025-06-25 17:13, succeeded
2025-06-26 05:13, succeeded
2025-06-26 17:13, succeeded
2025-06-27 05:13, succeeded
2025-06-27 17:12, succeeded
2025-06-28 05:13, succeeded
2025-06-28 17:12, succeeded
2025-06-29 05:14, succeeded
2025-06-29 17:12, succeeded
2025-06-30 05:13, succeeded
2025-06-30 17:12, succeeded
2025-07-01 05:14, succeeded
2025-07-01 17:13, succeeded
2025-07-02 05:13, succeeded
2025-07-02 17:13, succeeded
2025-07-03 05:13, succeeded
2025-07-03 17:13, succeeded
2025-07-04 05:13, succeeded
2025-07-04 17:12, succeeded
2025-07-05 05:13, succeeded
2025-07-05 17:13, succeeded
2025-07-06 05:13, succeeded
2025-07-06 17:13, succeeded
2025-07-07 05:13, succeeded
2025-07-07 17:13, succeeded
2025-07-08 05:13, succeeded
2025-07-08 17:13, succeeded
2025-07-09 05:14, succeeded
2025-07-09 17:13, succeeded
2025-07-10 05:13, succeeded
2025-07-10 17:13, succeeded
2025-07-11 05:14, succeeded
2025-07-11 17:13, succeeded
2025-07-12 05:13, succeeded
2025-07-12 17:12, succeeded
2025-07-13 05:13, succeeded
2025-07-13 17:12, succeeded
2025-07-14 05:15, succeeded
2025-07-14 17:13, succeeded
2025-07-15 05:14, succeeded
2025-07-15 17:13, succeeded
2025-07-16 05:15, succeeded
2025-07-16 17:13, succeeded
2025-07-17 05:14, succeeded
2025-07-17 17:13, succeeded
2025-07-18 05:15, succeeded
2025-07-18 17:13, succeeded
2025-07-19 05:13, succeeded
2025-07-19 17:13, succeeded
2025-07-20 05:14, succeeded
2025-07-20 17:12, succeeded
2025-07-21 05:16, succeeded
2025-07-21 17:13, succeeded
2025-07-22 05:14, succeeded
2025-07-22 17:13, succeeded
2025-07-23 05:16, succeeded
2025-07-23 17:13, succeeded
2025-07-24 05:15, succeeded
2025-07-24 17:13, succeeded
2025-07-25 05:16, succeeded
2025-07-25 17:13, succeeded
2025-07-26 05:14, succeeded
2025-07-26 17:13, succeeded
2025-07-27 05:15, succeeded
2025-07-27 17:13, succeeded
2025-07-28 05:17, succeeded
2025-07-28 17:14, succeeded
2025-07-29 05:17, succeeded
2025-07-29 17:14, succeeded
2025-07-30 05:17, succeeded
2025-07-30 17:13, succeeded
2025-07-31 05:16, succeeded
2025-07-31 17:13, succeeded
2025-08-01 05:19, succeeded
2025-08-01 17:13, succeeded
2025-08-02 05:14, succeeded
2025-08-02 17:12, succeeded
2025-08-03 05:17, succeeded
2025-08-03 17:13, succeeded
2025-08-04 05:22, succeeded
2025-08-04 17:14, succeeded
2025-08-05 05:18, succeeded
2025-08-05 17:13, succeeded
2025-08-06 05:18, succeeded
2025-08-06 17:14, succeeded
2025-08-07 05:17, succeeded
2025-08-07 17:14, succeeded
2025-08-08 05:17, succeeded
2025-08-08 17:12, succeeded
2025-08-09 05:13, succeeded
2025-08-09 17:12, succeeded
2025-08-10 05:14, succeeded
2025-08-10 17:13, succeeded
2025-08-11 05:16, succeeded
2025-08-11 17:13, succeeded
2025-08-12 05:13, succeeded
2025-08-12 17:13, succeeded
2025-08-13 05:13, succeeded
2025-08-13 17:12, succeeded
2025-08-14 05:13, succeeded
2025-08-14 17:13, succeeded
2025-08-15 05:13, succeeded
2025-08-15 17:12, succeeded
2025-08-16 05:13, succeeded
2025-08-16 17:13, succeeded
2025-08-17 05:13, succeeded
2025-08-17 17:12, succeeded
2025-08-18 05:14, succeeded
2025-08-18 17:13, succeeded
2025-08-19 05:13, succeeded
2025-08-19 17:12, succeeded
2025-08-20 05:13, succeeded
2025-08-20 17:13, succeeded
2025-08-21 05:13, succeeded
2025-08-21 17:17, succeeded
2025-08-22 05:13, succeeded
2025-08-22 17:13, succeeded
2025-08-23 05:12, succeeded
2025-08-23 17:12, succeeded
2025-08-24 05:12, succeeded
2025-08-24 17:12, succeeded
2025-08-25 05:13, succeeded
2025-08-25 17:12, succeeded
2025-08-26 05:13, succeeded
2025-08-26 17:12, succeeded
2025-08-27 05:12, succeeded
2025-08-27 17:12, succeeded
2025-08-28 05:13, succeeded
2025-08-28 17:12, succeeded
2025-08-29 05:12, succeeded
2025-08-29 17:13, succeeded
2025-08-30 05:12, succeeded
2025-08-30 17:12, succeeded
2025-08-31 05:12, succeeded
2025-08-31 17:13, succeeded
2025-09-01 05:13, succeeded
