2021-08-04 03:22, succeeded
2021-08-05 03:23, succeeded
2021-08-09 08:15, succeeded
2021-08-10 08:47, succeeded
2021-08-10 23:08, succeeded
2021-08-11 08:44, succeeded
2021-08-11 20:41, succeeded
2021-08-12 08:43, succeeded
2021-08-12 20:41, succeeded
2021-08-13 08:44, succeeded
2021-08-13 20:42, succeeded
2021-08-14 08:43, succeeded
2021-08-14 20:45, succeeded
2021-08-15 08:43, succeeded
2021-08-15 20:40, succeeded
2021-08-16 08:44, succeeded
2021-08-16 20:41, succeeded
2021-08-17 08:43, succeeded
2021-08-17 20:41, succeeded
2021-08-18 08:44, succeeded
2021-08-18 20:40, succeeded
2021-08-19 08:44, succeeded
